season,Rk,Player,Age,Team,Pos,G,GS,MP,FG,FGA,FG%,3P,3PA,3P%,2P,2PA,2P%,eFG%,FT,FTA,FT%,ORB,DRB,TRB,AST,STL,BLK,TOV,PF,PTS,Trp-Dbl,Awards
2013,1.0,Kevin Durant,24.0,OKC,SF,81.0,81.0,3119.0,731.0,1433.0,0.51,139.0,334.0,0.416,592.0,1099.0,0.539,0.559,679.0,750.0,0.905,46.0,594.0,640.0,374.0,116.0,105.0,280.0,143.0,2280.0,3.0,"MVP-2,AS,NBA1"
2013,2.0,Kobe Bryant,34.0,LAL,SG,78.0,78.0,3013.0,738.0,1595.0,0.463,132.0,407.0,0.324,606.0,1188.0,0.51,0.504,525.0,626.0,0.839,66.0,367.0,433.0,469.0,106.0,25.0,287.0,173.0,2133.0,2.0,"MVP-5,AS,NBA1"
2013,3.0,LeBron James,28.0,MIA,PF,76.0,76.0,2877.0,765.0,1354.0,0.565,103.0,254.0,0.406,662.0,1100.0,0.602,0.603,403.0,535.0,0.753,97.0,513.0,610.0,551.0,129.0,67.0,226.0,110.0,2036.0,4.0,"MVP-1,DPOY-2,AS,NBA1,DEF1"
2013,4.0,James Harden,23.0,HOU,SG,78.0,78.0,2985.0,585.0,1337.0,0.438,179.0,486.0,0.368,406.0,851.0,0.477,0.504,674.0,792.0,0.851,62.0,317.0,379.0,455.0,142.0,38.0,295.0,178.0,2023.0,1.0,"MVP-8,AS,NBA3"
2013,5.0,Carmelo Anthony,28.0,NYK,PF,67.0,67.0,2482.0,669.0,1489.0,0.449,157.0,414.0,0.379,512.0,1075.0,0.476,0.502,425.0,512.0,0.83,134.0,326.0,460.0,171.0,52.0,32.0,175.0,205.0,1920.0,0.0,"MVP-3,AS,NBA2"
2013,6.0,Russell Westbrook,24.0,OKC,PG,82.0,82.0,2861.0,673.0,1535.0,0.438,97.0,300.0,0.323,576.0,1235.0,0.466,0.47,460.0,575.0,0.8,111.0,317.0,428.0,607.0,145.0,24.0,273.0,189.0,1903.0,1.0,"MVP-9,DPOY-17,AS,NBA2"
2013,7.0,Stephen Curry,24.0,GSW,PG,78.0,78.0,2983.0,626.0,1388.0,0.451,272.0,600.0,0.453,354.0,788.0,0.449,0.549,262.0,291.0,0.9,59.0,255.0,314.0,539.0,126.0,12.0,240.0,198.0,1786.0,0.0,MVP-11
2013,8.0,Monta Ellis,27.0,MIL,SG,82.0,82.0,3076.0,597.0,1436.0,0.416,94.0,328.0,0.287,503.0,1108.0,0.454,0.448,289.0,374.0,0.773,45.0,271.0,316.0,496.0,169.0,36.0,254.0,164.0,1577.0,0.0,
2013,9.0,Damian Lillard,22.0,POR,PG,82.0,82.0,3167.0,553.0,1288.0,0.429,185.0,503.0,0.368,368.0,785.0,0.469,0.501,271.0,321.0,0.844,42.0,215.0,257.0,531.0,74.0,19.0,243.0,172.0,1562.0,0.0,ROY-1
2013,10.0,LaMarcus Aldridge,27.0,POR,PF,74.0,74.0,2790.0,638.0,1318.0,0.484,2.0,14.0,0.143,636.0,1304.0,0.488,0.485,282.0,348.0,0.81,175.0,495.0,670.0,192.0,62.0,91.0,143.0,187.0,1560.0,0.0,AS
2013,11.0,DeMar DeRozan,23.0,TOR,SG,82.0,82.0,3013.0,548.0,1231.0,0.445,34.0,120.0,0.283,514.0,1111.0,0.463,0.459,355.0,427.0,0.831,48.0,272.0,320.0,204.0,76.0,24.0,151.0,173.0,1485.0,0.0,
2013,12.0,Deron Williams,28.0,BRK,PG,78.0,78.0,2842.0,495.0,1124.0,0.44,169.0,447.0,0.378,326.0,677.0,0.482,0.516,317.0,369.0,0.859,29.0,203.0,232.0,604.0,75.0,30.0,218.0,194.0,1476.0,0.0,
2013,13.0,Dwyane Wade,31.0,MIA,SG,69.0,69.0,2391.0,569.0,1093.0,0.521,17.0,66.0,0.258,552.0,1027.0,0.537,0.528,308.0,425.0,0.725,86.0,258.0,344.0,352.0,128.0,56.0,194.0,140.0,1463.0,0.0,"MVP-10,DPOY-16,AS,NBA3"
2013,14.0,David Lee,29.0,GSW,PF,79.0,79.0,2907.0,602.0,1160.0,0.519,0.0,4.0,0.0,602.0,1156.0,0.521,0.519,255.0,320.0,0.797,218.0,668.0,886.0,279.0,67.0,22.0,207.0,246.0,1459.0,1.0,"MVP-12,AS,NBA3"
2013,15.0,Kemba Walker,22.0,CHA,PG,82.0,82.0,2859.0,526.0,1244.0,0.423,107.0,332.0,0.322,419.0,912.0,0.459,0.466,296.0,371.0,0.798,60.0,223.0,283.0,471.0,160.0,31.0,200.0,153.0,1455.0,0.0,
2013,16.0,J.R. Smith,27.0,NYK,SG,80.0,0.0,2678.0,527.0,1249.0,0.422,155.0,436.0,0.356,372.0,813.0,0.458,0.484,237.0,311.0,0.762,64.0,361.0,425.0,218.0,100.0,24.0,134.0,226.0,1446.0,0.0,6MOY-1
2013,17.0,Blake Griffin,23.0,LAC,PF,80.0,80.0,2598.0,577.0,1072.0,0.538,5.0,28.0,0.179,572.0,1044.0,0.548,0.541,281.0,426.0,0.66,186.0,476.0,662.0,299.0,97.0,50.0,185.0,231.0,1440.0,1.0,"AS,NBA2"
2013,18.0,Brook Lopez,24.0,BRK,C,74.0,74.0,2253.0,570.0,1094.0,0.521,0.0,1.0,0.0,570.0,1093.0,0.522,0.521,297.0,392.0,0.758,208.0,304.0,512.0,70.0,33.0,154.0,131.0,152.0,1437.0,0.0,AS
2013,19.0,Paul Pierce,35.0,BOS,SF,77.0,77.0,2575.0,476.0,1092.0,0.436,145.0,382.0,0.38,331.0,710.0,0.466,0.502,333.0,423.0,0.787,45.0,442.0,487.0,370.0,84.0,30.0,214.0,210.0,1430.0,3.0,
2013,20.0,Brandon Jennings,23.0,MIL,PG,80.0,80.0,2897.0,497.0,1247.0,0.399,173.0,461.0,0.375,324.0,786.0,0.412,0.468,230.0,281.0,0.819,59.0,187.0,246.0,521.0,125.0,10.0,203.0,155.0,1397.0,0.0,
2013,21.0,Al Jefferson,28.0,UTA,C,78.0,78.0,2578.0,611.0,1236.0,0.494,2.0,17.0,0.118,609.0,1219.0,0.5,0.495,167.0,217.0,0.77,156.0,564.0,720.0,164.0,80.0,89.0,105.0,170.0,1391.0,0.0,
2013,22.0,Jrue Holiday,22.0,PHI,PG,78.0,78.0,2926.0,555.0,1288.0,0.431,91.0,247.0,0.368,464.0,1041.0,0.446,0.466,182.0,242.0,0.752,89.0,240.0,329.0,625.0,123.0,32.0,292.0,170.0,1383.0,1.0,AS
2013,23.0,Paul George,22.0,IND,SF,79.0,79.0,2972.0,493.0,1176.0,0.419,170.0,469.0,0.362,323.0,707.0,0.457,0.491,221.0,274.0,0.807,88.0,515.0,603.0,327.0,143.0,51.0,233.0,227.0,1377.0,1.0,"DPOY-8,MIP-1,AS,NBA3,DEF2"
2013,24.0,Rudy Gay,26.0,2TM,SF,75.0,74.0,2687.0,521.0,1253.0,0.416,84.0,260.0,0.323,437.0,993.0,0.44,0.449,240.0,295.0,0.814,99.0,362.0,461.0,202.0,113.0,53.0,198.0,182.0,1366.0,0.0,
2013,24.0,Rudy Gay,26.0,MEM,SF,42.0,42.0,1541.0,281.0,688.0,0.408,40.0,129.0,0.31,241.0,559.0,0.431,0.438,121.0,156.0,0.776,56.0,193.0,249.0,108.0,56.0,31.0,104.0,87.0,723.0,0.0,
2013,24.0,Rudy Gay,26.0,TOR,SF,33.0,32.0,1146.0,240.0,565.0,0.425,44.0,131.0,0.336,196.0,434.0,0.452,0.464,119.0,139.0,0.856,43.0,169.0,212.0,94.0,57.0,22.0,94.0,95.0,643.0,0.0,
2013,25.0,Klay Thompson,22.0,GSW,SG,82.0,82.0,2936.0,508.0,1205.0,0.422,211.0,526.0,0.401,297.0,679.0,0.437,0.509,132.0,157.0,0.841,32.0,274.0,306.0,183.0,86.0,45.0,157.0,237.0,1359.0,0.0,
2013,26.0,Tony Parker,30.0,SAS,PG,66.0,66.0,2174.0,519.0,995.0,0.522,24.0,68.0,0.353,495.0,927.0,0.534,0.534,279.0,330.0,0.845,18.0,180.0,198.0,499.0,54.0,6.0,170.0,92.0,1341.0,1.0,"MVP-6,AS,NBA2"
2013,27.0,Josh Smith,27.0,ATL,PF,76.0,76.0,2683.0,550.0,1182.0,0.465,61.0,201.0,0.303,489.0,981.0,0.498,0.491,166.0,321.0,0.517,133.0,506.0,639.0,321.0,94.0,136.0,226.0,175.0,1327.0,0.0,
2013,28.0,Kyrie Irving,20.0,CLE,PG,59.0,59.0,2048.0,484.0,1070.0,0.452,109.0,279.0,0.391,375.0,791.0,0.474,0.503,248.0,290.0,0.855,34.0,182.0,216.0,350.0,89.0,21.0,191.0,146.0,1325.0,0.0,AS
2013,29.0,Ryan Anderson,24.0,NOH,PF,81.0,22.0,2503.0,472.0,1115.0,0.423,213.0,557.0,0.382,259.0,558.0,0.464,0.519,152.0,180.0,0.844,191.0,328.0,519.0,97.0,42.0,31.0,97.0,179.0,1309.0,0.0,6MOY-5
2013,30.0,Greg Monroe,22.0,DET,C,81.0,81.0,2687.0,514.0,1058.0,0.486,0.0,4.0,0.0,514.0,1054.0,0.488,0.486,270.0,392.0,0.689,236.0,541.0,777.0,281.0,105.0,55.0,234.0,190.0,1298.0,1.0,
2013,31.0,Dwight Howard,27.0,LAL,C,76.0,76.0,2722.0,470.0,813.0,0.578,1.0,6.0,0.167,469.0,807.0,0.581,0.579,355.0,721.0,0.492,251.0,694.0,945.0,108.0,84.0,186.0,225.0,291.0,1296.0,0.0,"DPOY-14,AS,NBA3"
2013,32.0,Al Horford,26.0,ATL,C,74.0,74.0,2756.0,576.0,1060.0,0.543,3.0,6.0,0.5,573.0,1054.0,0.544,0.545,134.0,208.0,0.644,195.0,562.0,757.0,240.0,78.0,78.0,147.0,163.0,1289.0,0.0,
2013,33.0,Carlos Boozer,31.0,CHI,PF,79.0,79.0,2546.0,544.0,1140.0,0.477,0.0,2.0,0.0,544.0,1138.0,0.478,0.477,193.0,264.0,0.731,175.0,596.0,771.0,179.0,66.0,28.0,176.0,239.0,1281.0,0.0,
2013,34.0,DeMarcus Cousins,22.0,SAC,C,75.0,74.0,2289.0,482.0,1036.0,0.465,4.0,22.0,0.182,478.0,1014.0,0.471,0.467,312.0,423.0,0.738,222.0,524.0,746.0,199.0,108.0,55.0,225.0,269.0,1280.0,1.0,
2013,35.0,Jamal Crawford,32.0,LAC,SG,76.0,0.0,2230.0,445.0,1016.0,0.438,149.0,396.0,0.376,296.0,620.0,0.477,0.511,216.0,248.0,0.871,22.0,106.0,128.0,193.0,79.0,13.0,146.0,71.0,1255.0,0.0,6MOY-2
2013,36.0,O.J. Mayo,25.0,DAL,SG,82.0,82.0,2913.0,461.0,1026.0,0.449,142.0,349.0,0.407,319.0,677.0,0.471,0.519,191.0,233.0,0.82,36.0,255.0,291.0,361.0,93.0,23.0,210.0,195.0,1255.0,0.0,
2013,37.0,David West,32.0,IND,PF,73.0,73.0,2435.0,502.0,1009.0,0.498,4.0,19.0,0.211,498.0,990.0,0.503,0.5,242.0,315.0,0.768,145.0,418.0,563.0,213.0,74.0,69.0,157.0,149.0,1250.0,1.0,
2013,38.0,Luol Deng,27.0,CHI,SF,75.0,75.0,2903.0,466.0,1093.0,0.426,75.0,233.0,0.322,391.0,860.0,0.455,0.461,230.0,282.0,0.816,162.0,314.0,476.0,222.0,81.0,32.0,144.0,105.0,1237.0,0.0,"DPOY-15,AS"
2013,39.0,Chris Bosh,28.0,MIA,C,74.0,74.0,2454.0,485.0,907.0,0.535,21.0,74.0,0.284,464.0,833.0,0.557,0.546,241.0,302.0,0.798,131.0,370.0,501.0,123.0,66.0,101.0,128.0,168.0,1232.0,0.0,AS
2013,40.0,Tim Duncan,36.0,SAS,C,69.0,69.0,2078.0,490.0,976.0,0.502,2.0,7.0,0.286,488.0,969.0,0.504,0.503,245.0,300.0,0.817,124.0,562.0,686.0,184.0,50.0,183.0,147.0,117.0,1227.0,0.0,"MVP-7,DPOY-6,AS,NBA1,DEF2"
2013,41.0,Ty Lawson,25.0,DEN,PG,73.0,71.0,2513.0,448.0,971.0,0.461,85.0,232.0,0.366,363.0,739.0,0.491,0.505,235.0,311.0,0.756,36.0,162.0,198.0,501.0,107.0,8.0,182.0,135.0,1216.0,0.0,MVP-12
2013,42.0,Chris Paul,27.0,LAC,PG,70.0,70.0,2335.0,412.0,856.0,0.481,76.0,232.0,0.328,336.0,624.0,0.538,0.526,286.0,323.0,0.885,53.0,209.0,262.0,678.0,169.0,10.0,159.0,143.0,1186.0,0.0,"MVP-4,DPOY-11,AS,NBA1,DEF1"
2013,43.0,Chandler Parsons,24.0,HOU,SF,76.0,76.0,2758.0,456.0,939.0,0.486,152.0,395.0,0.385,304.0,544.0,0.559,0.567,113.0,155.0,0.729,79.0,325.0,404.0,269.0,75.0,32.0,147.0,148.0,1177.0,0.0,
2013,44.0,Joe Johnson,31.0,BRK,SG,72.0,72.0,2642.0,445.0,1052.0,0.423,148.0,395.0,0.375,297.0,657.0,0.452,0.493,132.0,161.0,0.82,53.0,165.0,218.0,253.0,49.0,14.0,123.0,99.0,1170.0,0.0,
2013,45.0,Zach Randolph,31.0,MEM,PF,76.0,75.0,2607.0,471.0,1024.0,0.46,2.0,23.0,0.087,469.0,1001.0,0.469,0.461,225.0,300.0,0.75,310.0,544.0,854.0,108.0,61.0,31.0,150.0,180.0,1169.0,0.0,AS
2013,46.0,Mike Conley,25.0,MEM,PG,80.0,80.0,2757.0,414.0,940.0,0.44,106.0,293.0,0.362,308.0,647.0,0.476,0.497,234.0,282.0,0.83,43.0,182.0,225.0,487.0,174.0,24.0,189.0,171.0,1168.0,0.0,"DPOY-21,DEF2"
2013,47.0,Jeff Teague,24.0,ATL,PG,80.0,78.0,2628.0,439.0,974.0,0.451,89.0,248.0,0.359,350.0,726.0,0.482,0.496,199.0,226.0,0.881,25.0,155.0,180.0,579.0,117.0,28.0,230.0,181.0,1166.0,0.0,
2013,48.0,Danilo Gallinari,24.0,DEN,SF,71.0,71.0,2309.0,364.0,871.0,0.418,135.0,362.0,0.373,229.0,509.0,0.45,0.495,286.0,348.0,0.822,65.0,302.0,367.0,176.0,64.0,36.0,111.0,130.0,1149.0,0.0,
2013,49.0,Paul Millsap,27.0,UTA,PF,78.0,78.0,2375.0,429.0,875.0,0.49,13.0,39.0,0.333,416.0,836.0,0.498,0.498,264.0,356.0,0.742,177.0,377.0,554.0,201.0,102.0,80.0,138.0,232.0,1135.0,0.0,
2013,50.0,Goran Dragić,26.0,PHO,PG,77.0,77.0,2581.0,401.0,906.0,0.443,88.0,276.0,0.319,313.0,630.0,0.497,0.491,244.0,326.0,0.748,60.0,178.0,238.0,569.0,124.0,26.0,212.0,214.0,1134.0,0.0,
2013,51.0,Marc Gasol,28.0,MEM,C,80.0,80.0,2796.0,429.0,869.0,0.494,1.0,14.0,0.071,428.0,855.0,0.501,0.494,268.0,316.0,0.848,184.0,438.0,622.0,318.0,80.0,139.0,157.0,255.0,1127.0,0.0,"MVP-12,DPOY-1,NBA2,DEF2"
2013,52.0,Thaddeus Young,24.0,PHI,PF,76.0,76.0,2629.0,509.0,958.0,0.531,1.0,8.0,0.125,508.0,950.0,0.535,0.532,108.0,188.0,0.574,182.0,389.0,571.0,125.0,133.0,55.0,90.0,191.0,1127.0,0.0,
2013,53.0,Isaiah Thomas,23.0,SAC,PG,79.0,62.0,2122.0,366.0,832.0,0.44,115.0,321.0,0.358,251.0,511.0,0.491,0.509,253.0,287.0,0.882,29.0,132.0,161.0,316.0,67.0,3.0,140.0,167.0,1100.0,0.0,
2013,54.0,JJ Redick,28.0,2TM,SG,78.0,13.0,2379.0,382.0,880.0,0.434,165.0,451.0,0.366,217.0,429.0,0.506,0.528,171.0,190.0,0.9,17.0,154.0,171.0,296.0,38.0,9.0,138.0,117.0,1100.0,0.0,6MOY-14
2013,54.0,JJ Redick,28.0,ORL,SG,50.0,11.0,1575.0,262.0,582.0,0.45,117.0,300.0,0.39,145.0,282.0,0.514,0.551,115.0,129.0,0.891,9.0,110.0,119.0,220.0,29.0,5.0,105.0,70.0,756.0,0.0,
2013,54.0,JJ Redick,28.0,MIL,SG,28.0,2.0,804.0,120.0,298.0,0.403,48.0,151.0,0.318,72.0,147.0,0.49,0.483,56.0,61.0,0.918,8.0,44.0,52.0,76.0,9.0,4.0,33.0,47.0,344.0,0.0,
2013,55.0,Jeremy Lin,24.0,HOU,PG,82.0,82.0,2640.0,396.0,897.0,0.441,87.0,257.0,0.339,309.0,640.0,0.483,0.49,216.0,275.0,0.785,32.0,215.0,247.0,497.0,134.0,29.0,236.0,205.0,1095.0,0.0,
2013,56.0,Evan Turner,24.0,PHI,SF,82.0,82.0,2892.0,441.0,1053.0,0.419,58.0,159.0,0.365,383.0,894.0,0.428,0.446,154.0,208.0,0.74,56.0,461.0,517.0,354.0,71.0,17.0,187.0,197.0,1094.0,0.0,
2013,57.0,Vince Carter,36.0,DAL,SF,81.0,3.0,2093.0,372.0,855.0,0.435,162.0,399.0,0.406,210.0,456.0,0.461,0.53,182.0,223.0,0.816,58.0,276.0,334.0,194.0,74.0,44.0,106.0,226.0,1088.0,0.0,6MOY-14
2013,58.0,Greivis Vásquez,26.0,NOH,PG,78.0,78.0,2685.0,438.0,1012.0,0.433,83.0,243.0,0.342,355.0,769.0,0.462,0.474,124.0,154.0,0.805,43.0,294.0,337.0,704.0,66.0,6.0,247.0,190.0,1083.0,1.0,
2013,59.0,Kevin Martin,29.0,OKC,SG,77.0,0.0,2136.0,350.0,778.0,0.45,158.0,371.0,0.426,192.0,407.0,0.472,0.551,219.0,246.0,0.89,31.0,147.0,178.0,106.0,72.0,8.0,101.0,138.0,1077.0,0.0,6MOY-4
2013,60.0,George Hill,26.0,IND,PG,76.0,76.0,2620.0,386.0,871.0,0.443,130.0,353.0,0.368,256.0,518.0,0.494,0.518,174.0,213.0,0.817,47.0,237.0,284.0,355.0,81.0,26.0,116.0,134.0,1076.0,0.0,
2013,61.0,Nate Robinson,28.0,CHI,PG,82.0,23.0,2086.0,399.0,921.0,0.433,141.0,348.0,0.405,258.0,573.0,0.45,0.51,135.0,169.0,0.799,29.0,155.0,184.0,358.0,85.0,10.0,144.0,207.0,1074.0,0.0,6MOY-8
2013,62.0,Arron Afflalo,27.0,ORL,SF,64.0,64.0,2307.0,397.0,905.0,0.439,72.0,240.0,0.3,325.0,665.0,0.489,0.478,191.0,223.0,0.857,29.0,210.0,239.0,206.0,40.0,11.0,138.0,137.0,1057.0,0.0,
2013,63.0,Gerald Henderson,25.0,CHA,SG,68.0,58.0,2133.0,382.0,855.0,0.447,33.0,100.0,0.33,349.0,755.0,0.462,0.466,258.0,313.0,0.824,55.0,195.0,250.0,177.0,68.0,34.0,108.0,149.0,1055.0,0.0,
2013,64.0,Serge Ibaka,23.0,OKC,PF,80.0,80.0,2486.0,446.0,778.0,0.573,20.0,57.0,0.351,426.0,721.0,0.591,0.586,143.0,191.0,0.749,222.0,395.0,617.0,43.0,28.0,242.0,125.0,213.0,1055.0,0.0,"DPOY-3,DEF1"
2013,65.0,Luis Scola,32.0,PHO,PF,82.0,67.0,2184.0,432.0,915.0,0.472,3.0,16.0,0.188,429.0,899.0,0.477,0.474,181.0,230.0,0.787,158.0,383.0,541.0,182.0,67.0,35.0,126.0,257.0,1048.0,0.0,
2013,66.0,Nicolas Batum,24.0,POR,SF,73.0,73.0,2807.0,352.0,833.0,0.423,165.0,444.0,0.372,187.0,389.0,0.481,0.522,178.0,210.0,0.848,97.0,315.0,412.0,360.0,91.0,83.0,190.0,139.0,1047.0,2.0,
2013,67.0,Andre Iguodala,29.0,DEN,SG,80.0,80.0,2779.0,396.0,879.0,0.451,91.0,287.0,0.317,305.0,592.0,0.515,0.502,155.0,270.0,0.574,82.0,341.0,423.0,433.0,139.0,52.0,206.0,127.0,1038.0,1.0,DPOY-9
2013,68.0,Jeff Green,26.0,BOS,PF,81.0,17.0,2252.0,376.0,806.0,0.467,70.0,182.0,0.385,306.0,624.0,0.49,0.51,214.0,265.0,0.808,55.0,263.0,318.0,128.0,56.0,68.0,132.0,175.0,1036.0,0.0,
2013,69.0,Jarrett Jack,29.0,GSW,SG,79.0,4.0,2349.0,387.0,857.0,0.452,82.0,203.0,0.404,305.0,654.0,0.466,0.499,167.0,198.0,0.843,21.0,222.0,243.0,439.0,60.0,11.0,157.0,134.0,1023.0,0.0,6MOY-3
2013,70.0,Wesley Matthews,26.0,POR,SG,69.0,69.0,2403.0,352.0,808.0,0.436,169.0,425.0,0.398,183.0,383.0,0.478,0.54,149.0,187.0,0.797,35.0,156.0,191.0,174.0,90.0,18.0,109.0,172.0,1022.0,0.0,
2013,71.0,J.J. Hickson,24.0,POR,C,80.0,80.0,2323.0,418.0,744.0,0.562,0.0,2.0,0.0,418.0,742.0,0.563,0.562,182.0,268.0,0.679,266.0,562.0,828.0,88.0,48.0,51.0,145.0,160.0,1018.0,0.0,
2013,72.0,Gordon Hayward,22.0,UTA,SF,72.0,27.0,2104.0,336.0,773.0,0.435,102.0,246.0,0.415,234.0,527.0,0.444,0.501,243.0,294.0,0.827,51.0,174.0,225.0,213.0,58.0,38.0,120.0,125.0,1017.0,0.0,6MOY-14
2013,73.0,Nikola Peković,27.0,MIN,C,62.0,62.0,1959.0,385.0,741.0,0.52,0.0,0.0,,385.0,741.0,0.52,0.52,241.0,324.0,0.744,230.0,315.0,545.0,53.0,43.0,50.0,101.0,143.0,1011.0,0.0,
2013,74.0,Nikola Vučević,22.0,ORL,C,77.0,77.0,2559.0,461.0,889.0,0.519,0.0,3.0,0.0,461.0,886.0,0.52,0.519,86.0,126.0,0.683,273.0,644.0,917.0,143.0,61.0,79.0,141.0,218.0,1008.0,0.0,
2013,75.0,Kevin Garnett,36.0,BOS,C,68.0,68.0,2022.0,422.0,850.0,0.496,2.0,16.0,0.125,420.0,834.0,0.504,0.498,158.0,201.0,0.786,75.0,455.0,530.0,159.0,78.0,62.0,110.0,154.0,1004.0,0.0,"MVP-12,AS"
2013,76.0,Brandon Knight,21.0,DET,PG,75.0,75.0,2365.0,357.0,878.0,0.407,120.0,327.0,0.367,237.0,551.0,0.43,0.475,165.0,225.0,0.733,54.0,193.0,247.0,303.0,58.0,8.0,205.0,157.0,999.0,0.0,
2013,77.0,Corey Brewer,26.0,DEN,SF,82.0,2.0,2003.0,375.0,883.0,0.425,91.0,307.0,0.296,284.0,576.0,0.493,0.476,149.0,216.0,0.69,55.0,180.0,235.0,124.0,118.0,23.0,102.0,154.0,990.0,0.0,6MOY-8
2013,78.0,Tyreke Evans,23.0,SAC,SG,65.0,61.0,2016.0,366.0,765.0,0.478,45.0,133.0,0.338,321.0,632.0,0.508,0.508,210.0,271.0,0.775,56.0,231.0,287.0,229.0,90.0,27.0,128.0,133.0,987.0,0.0,
2013,79.0,Darren Collison,25.0,DAL,PG,81.0,47.0,2372.0,341.0,724.0,0.471,48.0,136.0,0.353,293.0,588.0,0.498,0.504,242.0,275.0,0.88,31.0,188.0,219.0,415.0,100.0,8.0,173.0,139.0,972.0,0.0,
2013,80.0,Ersan İlyasova,25.0,MIL,PF,73.0,54.0,2012.0,371.0,803.0,0.462,95.0,214.0,0.444,276.0,589.0,0.469,0.521,125.0,157.0,0.796,154.0,366.0,520.0,117.0,68.0,36.0,75.0,185.0,962.0,0.0,
2013,81.0,Tristan Thompson,21.0,CLE,PF,82.0,82.0,2564.0,390.0,799.0,0.488,0.0,3.0,0.0,390.0,796.0,0.49,0.488,177.0,291.0,0.608,306.0,467.0,773.0,108.0,60.0,71.0,123.0,234.0,957.0,0.0,
2013,82.0,Raymond Felton,28.0,NYK,PG,68.0,68.0,2313.0,377.0,882.0,0.427,93.0,258.0,0.36,284.0,624.0,0.455,0.48,101.0,128.0,0.789,51.0,143.0,194.0,372.0,94.0,14.0,155.0,130.0,948.0,0.0,
2013,83.0,Luke Ridnour,31.0,MIN,SG,82.0,82.0,2474.0,367.0,811.0,0.453,66.0,212.0,0.311,301.0,599.0,0.503,0.493,139.0,164.0,0.848,41.0,165.0,206.0,311.0,82.0,15.0,130.0,187.0,939.0,0.0,
2013,84.0,Roy Hibbert,26.0,IND,C,79.0,79.0,2269.0,385.0,859.0,0.448,1.0,4.0,0.25,384.0,855.0,0.449,0.449,166.0,224.0,0.741,296.0,360.0,656.0,113.0,39.0,206.0,162.0,279.0,937.0,1.0,DPOY-10
2013,85.0,Derrick Williams,21.0,MIN,PF,78.0,56.0,1916.0,338.0,786.0,0.43,65.0,196.0,0.332,273.0,590.0,0.463,0.471,192.0,272.0,0.706,96.0,334.0,430.0,46.0,44.0,37.0,101.0,127.0,933.0,0.0,
2013,86.0,Robin Lopez,24.0,NOH,C,82.0,82.0,2136.0,384.0,719.0,0.534,0.0,0.0,,384.0,719.0,0.534,0.534,161.0,207.0,0.778,226.0,236.0,462.0,64.0,32.0,128.0,110.0,167.0,929.0,0.0,
2013,87.0,Metta World Peace,33.0,LAL,SF,75.0,66.0,2530.0,332.0,824.0,0.403,141.0,412.0,0.342,191.0,412.0,0.464,0.488,124.0,169.0,0.734,101.0,271.0,372.0,112.0,122.0,42.0,98.0,198.0,929.0,0.0,
2013,88.0,Kenneth Faried,23.0,DEN,PF,80.0,80.0,2248.0,380.0,689.0,0.552,0.0,0.0,,380.0,689.0,0.552,0.552,163.0,266.0,0.613,260.0,474.0,734.0,77.0,81.0,83.0,113.0,234.0,923.0,0.0,DPOY-17
2013,89.0,Dirk Nowitzki,34.0,DAL,PF,53.0,47.0,1661.0,343.0,728.0,0.471,65.0,157.0,0.414,278.0,571.0,0.487,0.516,166.0,193.0,0.86,37.0,326.0,363.0,132.0,38.0,37.0,70.0,93.0,917.0,0.0,
2013,90.0,Marcus Thornton,25.0,SAC,SG,72.0,8.0,1726.0,332.0,774.0,0.429,141.0,379.0,0.372,191.0,395.0,0.484,0.52,111.0,126.0,0.881,50.0,131.0,181.0,91.0,61.0,4.0,68.0,105.0,916.0,0.0,
2013,91.0,John Wall,22.0,WAS,PG,49.0,42.0,1602.0,324.0,735.0,0.441,12.0,45.0,0.267,312.0,690.0,0.452,0.449,246.0,306.0,0.804,35.0,161.0,196.0,373.0,65.0,37.0,157.0,117.0,906.0,0.0,
2013,92.0,Spencer Hawes,24.0,PHI,C,82.0,40.0,2233.0,376.0,811.0,0.464,31.0,87.0,0.356,345.0,724.0,0.477,0.483,122.0,157.0,0.777,173.0,417.0,590.0,183.0,24.0,113.0,131.0,233.0,905.0,0.0,
2013,93.0,Dion Waiters,21.0,CLE,SG,61.0,48.0,1756.0,336.0,815.0,0.412,63.0,203.0,0.31,273.0,612.0,0.446,0.451,159.0,213.0,0.746,22.0,127.0,149.0,183.0,59.0,16.0,121.0,113.0,894.0,0.0,ROY-5
2013,94.0,Jason Thompson,26.0,SAC,PF,82.0,81.0,2285.0,374.0,745.0,0.502,0.0,3.0,0.0,374.0,742.0,0.504,0.502,143.0,206.0,0.694,172.0,377.0,549.0,84.0,48.0,61.0,101.0,227.0,891.0,0.0,
2013,95.0,Randy Foye,29.0,UTA,SG,82.0,72.0,2249.0,293.0,738.0,0.397,178.0,434.0,0.41,115.0,304.0,0.378,0.518,118.0,144.0,0.819,17.0,110.0,127.0,167.0,66.0,27.0,92.0,190.0,882.0,0.0,
2013,96.0,Ramon Sessions,26.0,CHA,SG,61.0,0.0,1652.0,276.0,676.0,0.408,33.0,107.0,0.308,243.0,569.0,0.427,0.433,291.0,347.0,0.839,27.0,142.0,169.0,230.0,48.0,7.0,104.0,91.0,876.0,0.0,6MOY-12
2013,97.0,Rodney Stuckey,26.0,DET,SG,76.0,24.0,2171.0,304.0,748.0,0.406,55.0,182.0,0.302,249.0,566.0,0.44,0.443,213.0,272.0,0.783,43.0,169.0,212.0,270.0,51.0,17.0,134.0,127.0,876.0,0.0,
2013,98.0,Carl Landry,29.0,GSW,PF,81.0,2.0,1876.0,325.0,602.0,0.54,1.0,3.0,0.333,324.0,599.0,0.541,0.541,223.0,273.0,0.817,180.0,303.0,483.0,65.0,35.0,31.0,115.0,190.0,874.0,0.0,6MOY-8
2013,99.0,Martell Webster,26.0,WAS,SF,76.0,62.0,2200.0,281.0,636.0,0.442,139.0,329.0,0.422,142.0,307.0,0.463,0.551,168.0,198.0,0.848,53.0,241.0,294.0,143.0,49.0,17.0,90.0,166.0,869.0,0.0,
2013,100.0,Anthony Davis,19.0,NOH,PF,64.0,60.0,1846.0,349.0,676.0,0.516,0.0,6.0,0.0,349.0,670.0,0.521,0.516,169.0,225.0,0.751,165.0,357.0,522.0,63.0,75.0,112.0,89.0,158.0,867.0,0.0,ROY-2
2013,101.0,Ray Allen,37.0,MIA,SG,79.0,0.0,2035.0,292.0,651.0,0.449,139.0,332.0,0.419,153.0,319.0,0.48,0.555,140.0,158.0,0.886,40.0,177.0,217.0,135.0,67.0,15.0,103.0,129.0,863.0,0.0,
2013,102.0,Jared Dudley,27.0,PHO,SF,79.0,50.0,2170.0,313.0,669.0,0.468,106.0,271.0,0.391,207.0,398.0,0.52,0.547,129.0,162.0,0.796,79.0,166.0,245.0,203.0,75.0,8.0,101.0,128.0,861.0,0.0,
2013,103.0,Tayshaun Prince,32.0,2TM,SF,82.0,81.0,2631.0,359.0,820.0,0.438,38.0,94.0,0.404,321.0,726.0,0.442,0.461,96.0,130.0,0.738,72.0,292.0,364.0,196.0,48.0,25.0,89.0,86.0,852.0,0.0,
2013,103.0,Tayshaun Prince,32.0,DET,SF,45.0,45.0,1457.0,215.0,484.0,0.444,23.0,53.0,0.434,192.0,431.0,0.445,0.468,74.0,93.0,0.796,43.0,166.0,209.0,111.0,21.0,13.0,54.0,45.0,527.0,0.0,
2013,103.0,Tayshaun Prince,32.0,MEM,SF,37.0,36.0,1174.0,144.0,336.0,0.429,15.0,41.0,0.366,129.0,295.0,0.437,0.451,22.0,37.0,0.595,29.0,126.0,155.0,85.0,27.0,12.0,35.0,41.0,325.0,0.0,
2013,104.0,Andray Blatche,26.0,BRK,C,82.0,8.0,1555.0,346.0,676.0,0.512,3.0,22.0,0.136,343.0,654.0,0.524,0.514,148.0,216.0,0.685,161.0,256.0,417.0,85.0,86.0,54.0,123.0,163.0,843.0,0.0,
2013,105.0,Alonzo Gee,25.0,CLE,SF,82.0,82.0,2541.0,305.0,744.0,0.41,69.0,219.0,0.315,236.0,525.0,0.45,0.456,163.0,205.0,0.795,75.0,245.0,320.0,133.0,107.0,29.0,132.0,199.0,842.0,0.0,
2013,106.0,Ben Gordon,29.0,CHA,SG,75.0,0.0,1560.0,310.0,760.0,0.408,113.0,292.0,0.387,197.0,468.0,0.421,0.482,107.0,127.0,0.843,18.0,112.0,130.0,141.0,35.0,16.0,136.0,134.0,840.0,0.0,
2013,107.0,Danny Green,25.0,SAS,SG,80.0,80.0,2201.0,297.0,663.0,0.448,177.0,413.0,0.429,120.0,250.0,0.48,0.581,67.0,79.0,0.848,36.0,208.0,244.0,141.0,92.0,54.0,94.0,124.0,838.0,0.0,
2013,108.0,Tiago Splitter,28.0,SAS,PF,81.0,58.0,1997.0,315.0,563.0,0.56,0.0,2.0,0.0,315.0,561.0,0.561,0.56,208.0,285.0,0.73,144.0,371.0,515.0,130.0,63.0,64.0,100.0,161.0,838.0,0.0,
2013,109.0,J.J. Barea,28.0,MIN,PG,74.0,2.0,1713.0,316.0,758.0,0.417,97.0,280.0,0.346,219.0,478.0,0.458,0.481,105.0,134.0,0.784,34.0,173.0,207.0,294.0,32.0,0.0,145.0,131.0,834.0,0.0,
2013,110.0,Ömer Aşık,26.0,HOU,C,82.0,82.0,2464.0,332.0,614.0,0.541,0.0,1.0,0.0,332.0,613.0,0.542,0.541,168.0,299.0,0.562,275.0,681.0,956.0,75.0,46.0,87.0,173.0,223.0,832.0,0.0,
2013,111.0,José Calderón,31.0,2TM,PG,73.0,58.0,2160.0,312.0,635.0,0.491,130.0,282.0,0.461,182.0,353.0,0.516,0.594,72.0,80.0,0.9,20.0,156.0,176.0,518.0,58.0,8.0,126.0,99.0,826.0,2.0,
2013,111.0,José Calderón,31.0,TOR,PG,45.0,30.0,1273.0,187.0,398.0,0.47,79.0,184.0,0.429,108.0,214.0,0.505,0.569,47.0,52.0,0.904,14.0,92.0,106.0,333.0,28.0,6.0,75.0,58.0,500.0,2.0,
2013,111.0,José Calderón,31.0,DET,PG,28.0,28.0,887.0,125.0,237.0,0.527,51.0,98.0,0.52,74.0,139.0,0.532,0.635,25.0,28.0,0.893,6.0,64.0,70.0,185.0,30.0,2.0,51.0,41.0,326.0,0.0,
2013,112.0,Matt Barnes,32.0,LAC,SF,80.0,4.0,2058.0,312.0,675.0,0.462,111.0,325.0,0.342,201.0,350.0,0.574,0.544,87.0,117.0,0.744,111.0,255.0,366.0,123.0,82.0,63.0,90.0,233.0,822.0,0.0,
2013,113.0,Jameer Nelson,30.0,ORL,PG,56.0,56.0,1977.0,306.0,780.0,0.392,121.0,355.0,0.341,185.0,425.0,0.435,0.47,89.0,102.0,0.873,23.0,186.0,209.0,413.0,71.0,6.0,154.0,161.0,822.0,0.0,
2013,114.0,Jordan Crawford,24.0,2TM,SG,70.0,14.0,1709.0,301.0,725.0,0.415,83.0,246.0,0.337,218.0,479.0,0.455,0.472,129.0,159.0,0.811,44.0,165.0,209.0,225.0,39.0,7.0,141.0,106.0,814.0,1.0,6MOY-7
2013,114.0,Jordan Crawford,24.0,WAS,SG,43.0,12.0,1127.0,211.0,508.0,0.415,59.0,171.0,0.345,152.0,337.0,0.451,0.473,87.0,106.0,0.821,31.0,104.0,135.0,157.0,27.0,5.0,97.0,61.0,568.0,1.0,
2013,114.0,Jordan Crawford,24.0,BOS,SG,27.0,2.0,582.0,90.0,217.0,0.415,24.0,75.0,0.32,66.0,142.0,0.465,0.47,42.0,53.0,0.792,13.0,61.0,74.0,68.0,12.0,2.0,44.0,45.0,246.0,0.0,
2013,115.0,Caron Butler,32.0,LAC,SF,78.0,78.0,1879.0,305.0,720.0,0.424,128.0,330.0,0.388,177.0,390.0,0.454,0.513,75.0,90.0,0.833,41.0,182.0,223.0,78.0,51.0,11.0,72.0,139.0,813.0,0.0,
2013,116.0,Amir Johnson,25.0,TOR,PF,81.0,38.0,2325.0,336.0,606.0,0.554,5.0,13.0,0.385,331.0,593.0,0.558,0.559,136.0,187.0,0.727,227.0,384.0,611.0,122.0,81.0,110.0,117.0,301.0,813.0,0.0,
2013,117.0,Shawn Marion,34.0,DAL,PF,67.0,67.0,2010.0,355.0,690.0,0.514,23.0,73.0,0.315,332.0,617.0,0.538,0.531,79.0,101.0,0.782,146.0,379.0,525.0,163.0,75.0,47.0,103.0,111.0,812.0,0.0,
2013,118.0,Kyle Korver,31.0,ATL,SF,74.0,60.0,2259.0,277.0,601.0,0.461,189.0,414.0,0.457,88.0,187.0,0.471,0.618,67.0,78.0,0.859,23.0,270.0,293.0,146.0,70.0,37.0,70.0,170.0,810.0,0.0,
2013,119.0,Jason Terry,35.0,BOS,SG,79.0,24.0,2124.0,281.0,648.0,0.434,123.0,331.0,0.372,158.0,317.0,0.498,0.529,114.0,131.0,0.87,19.0,140.0,159.0,198.0,66.0,11.0,102.0,110.0,799.0,0.0,
2013,120.0,Andrei Kirilenko,31.0,MIN,SF,64.0,64.0,2034.0,284.0,560.0,0.507,35.0,120.0,0.292,249.0,440.0,0.566,0.538,188.0,250.0,0.752,102.0,260.0,362.0,177.0,96.0,62.0,119.0,82.0,791.0,0.0,
2013,121.0,Kyle Lowry,26.0,TOR,PG,68.0,52.0,2020.0,250.0,623.0,0.401,101.0,279.0,0.362,149.0,344.0,0.433,0.482,190.0,239.0,0.795,56.0,265.0,321.0,435.0,94.0,24.0,157.0,218.0,791.0,1.0,
2013,122.0,Andre Miller,36.0,DEN,PG,82.0,11.0,2151.0,303.0,632.0,0.479,17.0,64.0,0.266,286.0,568.0,0.504,0.493,163.0,194.0,0.84,60.0,178.0,238.0,484.0,73.0,11.0,172.0,159.0,786.0,0.0,6MOY-6
2013,123.0,Mike Dunleavy,32.0,MIL,SF,75.0,3.0,1943.0,276.0,624.0,0.442,128.0,299.0,0.428,148.0,325.0,0.455,0.545,105.0,128.0,0.82,31.0,260.0,291.0,145.0,39.0,35.0,90.0,135.0,785.0,0.0,
2013,124.0,Joakim Noah,27.0,CHI,C,66.0,64.0,2426.0,303.0,630.0,0.481,0.0,5.0,0.0,303.0,625.0,0.485,0.481,178.0,237.0,0.751,260.0,473.0,733.0,262.0,78.0,141.0,176.0,185.0,784.0,2.0,"MVP-12,DPOY-4,AS,DEF1"
2013,125.0,Bradley Beal,19.0,WAS,SG,56.0,46.0,1745.0,282.0,687.0,0.41,91.0,236.0,0.386,191.0,451.0,0.424,0.477,125.0,159.0,0.786,43.0,168.0,211.0,137.0,50.0,29.0,90.0,113.0,780.0,0.0,ROY-3
2013,126.0,Nenê,30.0,WAS,PF,61.0,49.0,1659.0,285.0,594.0,0.48,0.0,1.0,0.0,285.0,593.0,0.481,0.48,196.0,269.0,0.729,101.0,306.0,407.0,177.0,55.0,37.0,139.0,171.0,766.0,0.0,
2013,127.0,Emeka Okafor,30.0,WAS,C,79.0,77.0,2052.0,328.0,687.0,0.477,0.0,0.0,,328.0,687.0,0.477,0.477,109.0,191.0,0.571,199.0,493.0,692.0,93.0,45.0,77.0,107.0,145.0,765.0,0.0,
2013,128.0,Michael Beasley,24.0,PHO,SF,75.0,20.0,1554.0,310.0,766.0,0.405,45.0,144.0,0.313,265.0,622.0,0.426,0.434,94.0,126.0,0.746,52.0,230.0,282.0,111.0,31.0,34.0,144.0,107.0,759.0,0.0,
2013,129.0,Harrison Barnes,20.0,GSW,SF,81.0,81.0,2058.0,276.0,628.0,0.439,52.0,145.0,0.359,224.0,483.0,0.464,0.481,144.0,190.0,0.758,53.0,280.0,333.0,98.0,52.0,14.0,101.0,140.0,748.0,0.0,ROY-6
2013,130.0,Patrick Patterson,23.0,2TM,PF,71.0,41.0,1775.0,319.0,623.0,0.512,51.0,132.0,0.386,268.0,491.0,0.546,0.553,48.0,63.0,0.762,113.0,224.0,337.0,81.0,31.0,40.0,61.0,138.0,737.0,0.0,
2013,130.0,Patrick Patterson,23.0,HOU,PF,47.0,38.0,1219.0,236.0,455.0,0.519,35.0,96.0,0.365,201.0,359.0,0.56,0.557,37.0,49.0,0.755,73.0,148.0,221.0,51.0,18.0,27.0,42.0,90.0,544.0,0.0,
2013,130.0,Patrick Patterson,23.0,SAC,PF,24.0,3.0,556.0,83.0,168.0,0.494,16.0,36.0,0.444,67.0,132.0,0.508,0.542,11.0,14.0,0.786,40.0,76.0,116.0,30.0,13.0,13.0,19.0,48.0,193.0,0.0,
2013,131.0,C.J. Miles,25.0,CLE,SF,65.0,13.0,1364.0,255.0,614.0,0.415,126.0,328.0,0.384,129.0,286.0,0.451,0.518,93.0,107.0,0.869,24.0,150.0,174.0,63.0,49.0,17.0,69.0,138.0,729.0,0.0,
2013,132.0,Dorell Wright,27.0,PHI,SF,79.0,8.0,1783.0,237.0,599.0,0.396,135.0,361.0,0.374,102.0,238.0,0.429,0.508,120.0,141.0,0.851,42.0,260.0,302.0,150.0,62.0,35.0,64.0,98.0,729.0,0.0,
2013,133.0,Derrick Favors,21.0,UTA,PF,77.0,8.0,1787.0,274.0,568.0,0.482,0.0,5.0,0.0,274.0,563.0,0.487,0.482,179.0,260.0,0.688,184.0,362.0,546.0,75.0,67.0,130.0,129.0,247.0,727.0,0.0,
2013,134.0,DeAndre Jordan,24.0,LAC,C,82.0,82.0,2010.0,314.0,488.0,0.643,0.0,0.0,,314.0,488.0,0.643,0.643,96.0,249.0,0.386,210.0,384.0,594.0,28.0,48.0,112.0,100.0,192.0,724.0,0.0,
2013,135.0,Kevin Séraphin,23.0,WAS,C,79.0,8.0,1721.0,330.0,716.0,0.461,0.0,0.0,,330.0,716.0,0.461,0.461,61.0,88.0,0.693,107.0,239.0,346.0,57.0,24.0,59.0,130.0,211.0,721.0,0.0,
2013,136.0,Kyle Singler,24.0,DET,SF,82.0,74.0,2293.0,275.0,642.0,0.428,70.0,200.0,0.35,205.0,442.0,0.464,0.483,100.0,124.0,0.806,109.0,221.0,330.0,77.0,57.0,37.0,98.0,217.0,720.0,0.0,
2013,137.0,JaVale McGee,25.0,DEN,C,79.0,0.0,1433.0,303.0,527.0,0.575,1.0,1.0,1.0,302.0,526.0,0.574,0.576,110.0,186.0,0.591,158.0,223.0,381.0,24.0,30.0,157.0,90.0,184.0,717.0,0.0,
2013,138.0,Eric Gordon,24.0,NOH,SG,42.0,40.0,1264.0,235.0,584.0,0.402,56.0,173.0,0.324,179.0,411.0,0.436,0.45,187.0,222.0,0.842,10.0,67.0,77.0,137.0,45.0,8.0,117.0,75.0,713.0,0.0,
2013,139.0,Antawn Jamison,36.0,LAL,PF,76.0,6.0,1636.0,267.0,575.0,0.464,84.0,233.0,0.361,183.0,342.0,0.535,0.537,94.0,136.0,0.691,109.0,253.0,362.0,50.0,30.0,22.0,53.0,124.0,712.0,0.0,
2013,140.0,Carlos Delfino,30.0,HOU,SF,67.0,5.0,1689.0,251.0,620.0,0.405,158.0,421.0,0.375,93.0,199.0,0.467,0.532,48.0,56.0,0.857,18.0,202.0,220.0,135.0,68.0,9.0,72.0,114.0,708.0,0.0,
2013,141.0,Tony Allen,31.0,MEM,SG,79.0,79.0,2109.0,284.0,638.0,0.445,3.0,24.0,0.125,281.0,614.0,0.458,0.447,134.0,187.0,0.717,121.0,242.0,363.0,98.0,119.0,44.0,94.0,211.0,705.0,0.0,"DPOY-5,DEF1"
2013,142.0,Jimmy Butler,23.0,CHI,SF,82.0,20.0,2134.0,239.0,512.0,0.467,40.0,105.0,0.381,199.0,407.0,0.489,0.506,187.0,233.0,0.803,136.0,192.0,328.0,115.0,78.0,31.0,62.0,97.0,705.0,0.0,DPOY-17
2013,143.0,Manu Ginóbili,35.0,SAS,SG,60.0,0.0,1393.0,229.0,539.0,0.425,83.0,235.0,0.353,146.0,304.0,0.48,0.502,164.0,206.0,0.796,30.0,171.0,201.0,274.0,80.0,13.0,132.0,114.0,705.0,0.0,6MOY-8
2013,144.0,Michael Kidd-Gilchrist,19.0,CHA,SF,78.0,77.0,2025.0,281.0,613.0,0.458,2.0,9.0,0.222,279.0,604.0,0.462,0.46,140.0,187.0,0.749,131.0,324.0,455.0,117.0,54.0,70.0,101.0,164.0,704.0,0.0,ROY-8
2013,145.0,Marco Belinelli,26.0,CHI,SG,73.0,27.0,1882.0,241.0,610.0,0.395,79.0,221.0,0.357,162.0,389.0,0.416,0.46,141.0,168.0,0.839,13.0,127.0,140.0,148.0,44.0,6.0,82.0,140.0,702.0,0.0,
2013,146.0,Brandon Bass,27.0,BOS,PF,81.0,69.0,2239.0,286.0,589.0,0.486,0.0,2.0,0.0,286.0,587.0,0.487,0.486,129.0,150.0,0.86,129.0,296.0,425.0,84.0,44.0,64.0,80.0,188.0,701.0,0.0,
2013,147.0,Larry Sanders,24.0,MIL,C,71.0,55.0,1937.0,306.0,605.0,0.506,0.0,2.0,0.0,306.0,603.0,0.507,0.506,84.0,136.0,0.618,224.0,448.0,672.0,83.0,53.0,201.0,87.0,233.0,696.0,1.0,DPOY-7
2013,148.0,Dante Cunningham,25.0,MIN,PF,80.0,9.0,2010.0,314.0,671.0,0.468,0.0,6.0,0.0,314.0,665.0,0.472,0.468,67.0,103.0,0.65,142.0,266.0,408.0,67.0,84.0,38.0,56.0,153.0,695.0,0.0,
2013,149.0,Alan Anderson,30.0,TOR,SF,65.0,2.0,1495.0,236.0,616.0,0.383,95.0,285.0,0.333,141.0,331.0,0.426,0.46,126.0,147.0,0.857,34.0,114.0,148.0,103.0,48.0,7.0,80.0,131.0,693.0,0.0,
2013,150.0,Jerryd Bayless,24.0,MEM,PG,80.0,4.0,1765.0,260.0,621.0,0.419,71.0,201.0,0.353,189.0,420.0,0.45,0.476,102.0,122.0,0.836,22.0,154.0,176.0,264.0,59.0,17.0,120.0,168.0,693.0,0.0,
2013,151.0,Chris Kaman,30.0,DAL,C,66.0,52.0,1363.0,313.0,617.0,0.507,0.0,1.0,0.0,313.0,616.0,0.508,0.507,67.0,85.0,0.788,97.0,275.0,372.0,51.0,29.0,52.0,103.0,141.0,693.0,0.0,
2013,152.0,Tyson Chandler,30.0,NYK,C,66.0,66.0,2164.0,255.0,400.0,0.638,0.0,0.0,,255.0,400.0,0.638,0.638,179.0,258.0,0.694,269.0,434.0,703.0,62.0,42.0,75.0,87.0,188.0,689.0,0.0,"DPOY-13,AS,DEF1"
2013,153.0,Kawhi Leonard,21.0,SAS,SF,58.0,57.0,1810.0,260.0,526.0,0.494,65.0,174.0,0.374,195.0,352.0,0.554,0.556,104.0,126.0,0.825,63.0,283.0,346.0,93.0,97.0,32.0,62.0,99.0,689.0,0.0,
2013,154.0,Lance Stephenson,22.0,IND,SG,78.0,72.0,2278.0,275.0,598.0,0.46,62.0,188.0,0.33,213.0,410.0,0.52,0.512,75.0,115.0,0.652,47.0,257.0,304.0,223.0,81.0,16.0,109.0,162.0,687.0,0.0,
2013,155.0,Marcin Gortat,28.0,PHO,C,61.0,61.0,1876.0,295.0,566.0,0.521,0.0,3.0,0.0,295.0,563.0,0.524,0.521,90.0,138.0,0.652,128.0,388.0,516.0,75.0,40.0,98.0,99.0,127.0,680.0,0.0,
2013,156.0,Pau Gasol,32.0,LAL,PF,49.0,42.0,1655.0,270.0,579.0,0.466,8.0,28.0,0.286,262.0,551.0,0.475,0.473,125.0,178.0,0.702,111.0,310.0,421.0,200.0,24.0,61.0,104.0,93.0,673.0,2.0,
2013,157.0,John Salmons,33.0,SAC,SF,76.0,72.0,2278.0,244.0,612.0,0.399,99.0,267.0,0.371,145.0,345.0,0.42,0.48,85.0,110.0,0.773,33.0,174.0,207.0,226.0,51.0,25.0,85.0,143.0,672.0,0.0,
2013,158.0,Markieff Morris,23.0,PHO,PF,82.0,32.0,1837.0,266.0,653.0,0.407,45.0,134.0,0.336,221.0,519.0,0.426,0.442,93.0,127.0,0.732,131.0,265.0,396.0,108.0,77.0,64.0,104.0,209.0,670.0,0.0,
2013,159.0,Mario Chalmers,26.0,MIA,PG,77.0,77.0,2068.0,227.0,529.0,0.429,123.0,301.0,0.409,104.0,228.0,0.456,0.545,89.0,112.0,0.795,19.0,152.0,171.0,273.0,118.0,12.0,119.0,196.0,666.0,0.0,
2013,160.0,Alexey Shved,24.0,MIN,SG,77.0,16.0,1840.0,236.0,635.0,0.372,85.0,288.0,0.295,151.0,347.0,0.435,0.439,108.0,150.0,0.72,41.0,134.0,175.0,286.0,54.0,27.0,147.0,117.0,665.0,0.0,
2013,161.0,Marreese Speights,25.0,2TM,C,79.0,3.0,1300.0,260.0,584.0,0.445,3.0,10.0,0.3,257.0,574.0,0.448,0.448,135.0,175.0,0.771,146.0,240.0,386.0,47.0,24.0,53.0,80.0,175.0,658.0,0.0,
2013,161.0,Marreese Speights,25.0,MEM,C,40.0,2.0,579.0,106.0,247.0,0.429,2.0,5.0,0.4,104.0,242.0,0.43,0.433,48.0,67.0,0.716,76.0,113.0,189.0,18.0,10.0,27.0,35.0,86.0,262.0,0.0,
2013,161.0,Marreese Speights,25.0,CLE,C,39.0,1.0,721.0,154.0,337.0,0.457,1.0,5.0,0.2,153.0,332.0,0.461,0.458,87.0,108.0,0.806,70.0,127.0,197.0,29.0,14.0,26.0,45.0,89.0,396.0,0.0,
2013,162.0,Kosta Koufos,23.0,DEN,C,81.0,81.0,1817.0,295.0,508.0,0.581,0.0,1.0,0.0,295.0,507.0,0.582,0.581,58.0,104.0,0.558,211.0,351.0,562.0,32.0,44.0,103.0,53.0,246.0,648.0,0.0,
2013,163.0,Gary Neal,28.0,SAS,SG,68.0,17.0,1484.0,246.0,597.0,0.412,89.0,251.0,0.355,157.0,346.0,0.454,0.487,64.0,74.0,0.865,13.0,130.0,143.0,129.0,30.0,2.0,69.0,93.0,645.0,0.0,
2013,164.0,Eric Bledsoe,23.0,LAC,PG,76.0,12.0,1553.0,253.0,568.0,0.445,31.0,78.0,0.397,222.0,490.0,0.453,0.473,106.0,134.0,0.791,78.0,147.0,225.0,233.0,109.0,55.0,137.0,112.0,643.0,0.0,
2013,165.0,Will Bynum,30.0,DET,PG,65.0,0.0,1219.0,253.0,540.0,0.469,24.0,76.0,0.316,229.0,464.0,0.494,0.491,106.0,131.0,0.809,28.0,69.0,97.0,231.0,45.0,5.0,125.0,128.0,636.0,0.0,
2013,166.0,Steve Nash,38.0,LAL,PG,50.0,50.0,1627.0,236.0,475.0,0.497,57.0,130.0,0.438,179.0,345.0,0.519,0.557,107.0,116.0,0.922,26.0,116.0,142.0,333.0,30.0,5.0,126.0,70.0,636.0,0.0,
2013,167.0,Nick Young,27.0,PHI,SG,59.0,17.0,1411.0,224.0,542.0,0.413,75.0,210.0,0.357,149.0,332.0,0.449,0.482,105.0,128.0,0.82,24.0,106.0,130.0,84.0,36.0,14.0,50.0,84.0,628.0,0.0,
2013,168.0,Maurice Harkless,19.0,ORL,SF,76.0,59.0,1974.0,260.0,564.0,0.461,32.0,117.0,0.274,228.0,447.0,0.51,0.489,73.0,128.0,0.57,122.0,213.0,335.0,50.0,88.0,62.0,69.0,144.0,625.0,0.0,
2013,169.0,Ed Davis,23.0,2TM,PF,81.0,28.0,1631.0,260.0,482.0,0.539,0.0,0.0,,260.0,482.0,0.539,0.539,103.0,167.0,0.617,152.0,308.0,460.0,63.0,38.0,85.0,63.0,191.0,623.0,0.0,
2013,169.0,Ed Davis,23.0,TOR,C,45.0,24.0,1087.0,186.0,339.0,0.549,0.0,0.0,,186.0,339.0,0.549,0.549,66.0,102.0,0.647,95.0,205.0,300.0,55.0,25.0,38.0,45.0,111.0,438.0,0.0,
2013,169.0,Ed Davis,23.0,MEM,PF,36.0,4.0,544.0,74.0,143.0,0.517,0.0,0.0,,74.0,143.0,0.517,0.517,37.0,65.0,0.569,57.0,103.0,160.0,8.0,13.0,47.0,18.0,80.0,185.0,0.0,
2013,170.0,Jodie Meeks,25.0,LAL,SG,78.0,10.0,1663.0,205.0,530.0,0.387,122.0,342.0,0.357,83.0,188.0,0.441,0.502,86.0,96.0,0.896,37.0,134.0,171.0,69.0,58.0,5.0,52.0,103.0,618.0,0.0,
2013,171.0,Shannon Brown,27.0,PHO,SG,59.0,22.0,1402.0,240.0,571.0,0.42,39.0,141.0,0.277,201.0,430.0,0.467,0.454,98.0,125.0,0.784,44.0,105.0,149.0,108.0,59.0,15.0,74.0,92.0,617.0,0.0,
2013,172.0,Wayne Ellington,25.0,2TM,SG,78.0,21.0,1661.0,226.0,529.0,0.427,94.0,240.0,0.392,132.0,289.0,0.457,0.516,68.0,75.0,0.907,25.0,141.0,166.0,104.0,45.0,3.0,57.0,81.0,614.0,0.0,
2013,172.0,Wayne Ellington,25.0,MEM,SG,40.0,4.0,676.0,81.0,199.0,0.407,41.0,97.0,0.423,40.0,102.0,0.392,0.51,15.0,16.0,0.938,5.0,47.0,52.0,42.0,16.0,1.0,24.0,38.0,218.0,0.0,
2013,172.0,Wayne Ellington,25.0,CLE,SG,38.0,17.0,985.0,145.0,330.0,0.439,53.0,143.0,0.371,92.0,187.0,0.492,0.52,53.0,59.0,0.898,20.0,94.0,114.0,62.0,29.0,2.0,33.0,43.0,396.0,0.0,
2013,173.0,Thabo Sefolosha,28.0,OKC,SG,81.0,81.0,2229.0,224.0,466.0,0.481,108.0,258.0,0.419,116.0,208.0,0.558,0.597,57.0,69.0,0.826,58.0,259.0,317.0,125.0,103.0,44.0,64.0,177.0,613.0,0.0,
2013,174.0,Courtney Lee,27.0,BOS,SG,78.0,39.0,1941.0,246.0,530.0,0.464,58.0,156.0,0.372,188.0,374.0,0.503,0.519,62.0,72.0,0.861,31.0,159.0,190.0,143.0,89.0,21.0,84.0,139.0,612.0,0.0,
2013,175.0,Tyler Zeller,23.0,CLE,C,77.0,55.0,2033.0,245.0,559.0,0.438,0.0,4.0,0.0,245.0,555.0,0.441,0.438,120.0,157.0,0.764,159.0,279.0,438.0,96.0,35.0,70.0,95.0,251.0,610.0,0.0,
2013,176.0,Ricky Rubio,22.0,MIN,PG,57.0,47.0,1691.0,185.0,514.0,0.36,27.0,92.0,0.293,158.0,422.0,0.374,0.386,211.0,264.0,0.799,44.0,185.0,229.0,418.0,137.0,5.0,172.0,143.0,608.0,1.0,
2013,177.0,Tobias Harris,20.0,2TM,SF,55.0,34.0,1299.0,233.0,512.0,0.455,34.0,108.0,0.315,199.0,404.0,0.493,0.488,103.0,137.0,0.752,73.0,214.0,287.0,69.0,32.0,44.0,66.0,120.0,603.0,0.0,
2013,177.0,Tobias Harris,20.0,MIL,SF,28.0,14.0,325.0,53.0,115.0,0.461,7.0,21.0,0.333,46.0,94.0,0.489,0.491,23.0,26.0,0.885,17.0,40.0,57.0,13.0,8.0,7.0,18.0,31.0,136.0,0.0,
2013,177.0,Tobias Harris,20.0,ORL,PF,27.0,20.0,974.0,180.0,397.0,0.453,27.0,87.0,0.31,153.0,310.0,0.494,0.487,80.0,111.0,0.721,56.0,174.0,230.0,56.0,24.0,37.0,48.0,89.0,467.0,0.0,
2013,178.0,Marcus Morris,23.0,2TM,PF,77.0,23.0,1524.0,222.0,526.0,0.422,86.0,233.0,0.369,136.0,293.0,0.464,0.504,66.0,117.0,0.564,80.0,197.0,277.0,62.0,45.0,20.0,77.0,160.0,596.0,0.0,
2013,178.0,Marcus Morris,23.0,HOU,PF,54.0,17.0,1154.0,171.0,400.0,0.428,74.0,194.0,0.381,97.0,206.0,0.471,0.52,49.0,75.0,0.653,63.0,156.0,219.0,47.0,27.0,16.0,53.0,120.0,465.0,0.0,
2013,178.0,Marcus Morris,23.0,PHO,SF,23.0,6.0,370.0,51.0,126.0,0.405,12.0,39.0,0.308,39.0,87.0,0.448,0.452,17.0,42.0,0.405,17.0,41.0,58.0,15.0,18.0,4.0,24.0,40.0,131.0,0.0,
2013,179.0,Mo Williams,30.0,UTA,PG,46.0,46.0,1418.0,229.0,533.0,0.43,59.0,154.0,0.383,170.0,379.0,0.449,0.485,75.0,85.0,0.882,24.0,86.0,110.0,285.0,46.0,9.0,125.0,105.0,592.0,0.0,
2013,180.0,E'Twaun Moore,23.0,ORL,SG,75.0,21.0,1682.0,237.0,598.0,0.396,67.0,197.0,0.34,170.0,401.0,0.424,0.452,47.0,59.0,0.797,48.0,119.0,167.0,206.0,51.0,23.0,105.0,122.0,588.0,0.0,
2013,181.0,Andrew Nicholson,23.0,ORL,PF,75.0,28.0,1249.0,256.0,486.0,0.527,0.0,0.0,,256.0,486.0,0.527,0.527,75.0,94.0,0.798,69.0,189.0,258.0,44.0,24.0,32.0,79.0,133.0,587.0,0.0,
2013,182.0,Devin Harris,29.0,ATL,SG,58.0,34.0,1421.0,194.0,443.0,0.438,77.0,230.0,0.335,117.0,213.0,0.549,0.525,112.0,154.0,0.727,6.0,110.0,116.0,197.0,64.0,13.0,88.0,103.0,577.0,0.0,
2013,183.0,Tyler Hansbrough,27.0,IND,PF,81.0,8.0,1366.0,176.0,407.0,0.432,0.0,3.0,0.0,176.0,404.0,0.436,0.432,216.0,300.0,0.72,161.0,212.0,373.0,36.0,29.0,18.0,78.0,152.0,568.0,0.0,
2013,184.0,Byron Mullens,23.0,CHA,PF,53.0,41.0,1428.0,217.0,563.0,0.385,66.0,208.0,0.317,151.0,355.0,0.425,0.444,64.0,99.0,0.646,71.0,266.0,337.0,81.0,34.0,32.0,74.0,110.0,564.0,0.0,
2013,185.0,Wilson Chandler,25.0,DEN,PF,43.0,8.0,1079.0,210.0,455.0,0.462,52.0,126.0,0.413,158.0,329.0,0.48,0.519,88.0,111.0,0.793,45.0,173.0,218.0,58.0,45.0,12.0,60.0,119.0,560.0,0.0,
2013,186.0,Al-Farouq Aminu,22.0,NOH,SF,76.0,71.0,2066.0,225.0,474.0,0.475,4.0,19.0,0.211,221.0,455.0,0.486,0.479,101.0,137.0,0.737,139.0,446.0,585.0,103.0,92.0,51.0,116.0,153.0,555.0,0.0,
2013,187.0,Brian Roberts,27.0,NOH,PG,78.0,5.0,1324.0,213.0,511.0,0.417,59.0,153.0,0.386,154.0,358.0,0.43,0.475,70.0,77.0,0.909,17.0,80.0,97.0,219.0,37.0,3.0,71.0,108.0,555.0,0.0,
2013,188.0,Jonas Valančiūnas,20.0,TOR,C,62.0,57.0,1482.0,204.0,366.0,0.557,0.0,0.0,,204.0,366.0,0.557,0.557,146.0,185.0,0.789,121.0,251.0,372.0,45.0,17.0,78.0,94.0,188.0,554.0,0.0,ROY-9
2013,189.0,Lou Williams,26.0,ATL,SG,39.0,9.0,1119.0,187.0,443.0,0.422,72.0,196.0,0.367,115.0,247.0,0.466,0.503,105.0,121.0,0.868,8.0,72.0,80.0,139.0,44.0,10.0,74.0,55.0,551.0,0.0,
2013,190.0,C.J. Watson,28.0,BRK,PG,80.0,8.0,1521.0,192.0,459.0,0.418,88.0,214.0,0.411,104.0,245.0,0.424,0.514,71.0,91.0,0.78,38.0,107.0,145.0,161.0,66.0,12.0,69.0,123.0,543.0,0.0,
2013,191.0,Brandan Wright,25.0,DAL,C,64.0,16.0,1149.0,241.0,404.0,0.597,0.0,3.0,0.0,241.0,401.0,0.601,0.597,59.0,96.0,0.615,85.0,175.0,260.0,38.0,26.0,76.0,34.0,78.0,541.0,0.0,
2013,192.0,Beno Udrih,30.0,2TM,SG,66.0,9.0,1457.0,210.0,476.0,0.441,34.0,102.0,0.333,176.0,374.0,0.471,0.477,84.0,103.0,0.816,34.0,107.0,141.0,302.0,41.0,3.0,108.0,90.0,538.0,0.0,
2013,192.0,Beno Udrih,30.0,MIL,SG,39.0,0.0,719.0,113.0,238.0,0.475,13.0,49.0,0.265,100.0,189.0,0.529,0.502,24.0,33.0,0.727,17.0,61.0,78.0,138.0,16.0,2.0,53.0,39.0,263.0,0.0,
2013,192.0,Beno Udrih,30.0,ORL,PG,27.0,9.0,738.0,97.0,238.0,0.408,21.0,53.0,0.396,76.0,185.0,0.411,0.452,60.0,70.0,0.857,17.0,46.0,63.0,164.0,25.0,1.0,55.0,51.0,275.0,0.0,
2013,193.0,Steve Novak,29.0,NYK,SF,81.0,1.0,1641.0,178.0,430.0,0.414,149.0,351.0,0.425,29.0,79.0,0.367,0.587,30.0,33.0,0.909,17.0,135.0,152.0,35.0,28.0,8.0,12.0,97.0,535.0,0.0,
2013,194.0,Toney Douglas,26.0,2TM,PG,71.0,0.0,1289.0,188.0,466.0,0.403,82.0,216.0,0.38,106.0,250.0,0.424,0.491,76.0,84.0,0.905,34.0,104.0,138.0,151.0,71.0,3.0,81.0,145.0,534.0,0.0,
2013,194.0,Toney Douglas,26.0,HOU,PG,49.0,0.0,913.0,139.0,352.0,0.395,61.0,162.0,0.377,78.0,190.0,0.411,0.482,60.0,68.0,0.882,23.0,67.0,90.0,93.0,40.0,2.0,56.0,103.0,399.0,0.0,
2013,194.0,Toney Douglas,26.0,SAC,PG,22.0,0.0,376.0,49.0,114.0,0.43,21.0,54.0,0.389,28.0,60.0,0.467,0.522,16.0,16.0,1.0,11.0,37.0,48.0,58.0,31.0,1.0,25.0,42.0,135.0,0.0,
2013,195.0,Gerald Wallace,30.0,BRK,SF,69.0,68.0,2076.0,182.0,458.0,0.397,46.0,163.0,0.282,136.0,295.0,0.461,0.448,121.0,190.0,0.637,69.0,250.0,319.0,181.0,97.0,46.0,110.0,118.0,531.0,0.0,
2013,196.0,Trevor Ariza,27.0,WAS,SF,56.0,15.0,1471.0,188.0,451.0,0.417,76.0,209.0,0.364,112.0,242.0,0.463,0.501,78.0,95.0,0.821,44.0,222.0,266.0,113.0,72.0,20.0,84.0,72.0,530.0,0.0,DPOY-17
2013,197.0,Marvin Williams,26.0,UTA,SF,73.0,51.0,1727.0,199.0,470.0,0.423,54.0,166.0,0.325,145.0,304.0,0.477,0.481,77.0,99.0,0.778,55.0,208.0,263.0,77.0,37.0,38.0,60.0,98.0,529.0,0.0,
2013,198.0,Rajon Rondo,26.0,BOS,PG,38.0,38.0,1423.0,225.0,465.0,0.484,12.0,50.0,0.24,213.0,415.0,0.513,0.497,60.0,93.0,0.645,43.0,169.0,212.0,420.0,70.0,9.0,148.0,96.0,522.0,5.0,AS
2013,199.0,Elton Brand,33.0,DAL,C,72.0,18.0,1527.0,226.0,478.0,0.473,0.0,1.0,0.0,226.0,477.0,0.474,0.473,66.0,93.0,0.71,130.0,300.0,430.0,70.0,50.0,90.0,57.0,192.0,518.0,0.0,
2013,200.0,Taj Gibson,27.0,CHI,PF,65.0,5.0,1459.0,214.0,441.0,0.485,0.0,4.0,0.0,214.0,437.0,0.49,0.485,89.0,131.0,0.679,125.0,220.0,345.0,61.0,27.0,90.0,76.0,166.0,517.0,0.0,
2013,201.0,Glen Davis,27.0,ORL,PF,34.0,33.0,1064.0,214.0,478.0,0.448,0.0,2.0,0.0,214.0,476.0,0.45,0.448,84.0,117.0,0.718,55.0,191.0,246.0,70.0,32.0,21.0,64.0,88.0,512.0,0.0,
2013,202.0,Enes Freedom,20.0,UTA,C,70.0,2.0,1078.0,206.0,379.0,0.544,1.0,1.0,1.0,205.0,378.0,0.542,0.545,93.0,117.0,0.795,135.0,169.0,304.0,31.0,28.0,32.0,101.0,116.0,506.0,0.0,
2013,203.0,P.J. Tucker,27.0,PHO,SG,79.0,45.0,1910.0,210.0,444.0,0.473,22.0,70.0,0.314,188.0,374.0,0.503,0.498,64.0,86.0,0.744,132.0,218.0,350.0,109.0,62.0,19.0,67.0,145.0,506.0,0.0,
2013,204.0,Jason Maxiell,29.0,DET,PF,72.0,71.0,1789.0,204.0,457.0,0.446,0.0,0.0,,204.0,457.0,0.446,0.446,90.0,145.0,0.621,135.0,274.0,409.0,54.0,32.0,95.0,81.0,172.0,498.0,0.0,
2013,205.0,Jimmer Fredette,23.0,SAC,SG,69.0,0.0,967.0,172.0,409.0,0.421,65.0,156.0,0.417,107.0,253.0,0.423,0.5,85.0,99.0,0.859,19.0,52.0,71.0,92.0,31.0,3.0,68.0,64.0,494.0,0.0,
2013,206.0,Richard Hamilton,34.0,CHI,SG,50.0,45.0,1088.0,204.0,475.0,0.429,16.0,52.0,0.308,188.0,423.0,0.444,0.446,66.0,77.0,0.857,16.0,67.0,83.0,119.0,24.0,5.0,84.0,93.0,490.0,0.0,
2013,207.0,Chris Copeland,28.0,NYK,PF,56.0,13.0,862.0,182.0,380.0,0.479,59.0,140.0,0.421,123.0,240.0,0.513,0.557,63.0,83.0,0.759,34.0,85.0,119.0,27.0,16.0,12.0,50.0,104.0,486.0,0.0,ROY-6
2013,208.0,Andre Drummond,19.0,DET,C,60.0,10.0,1243.0,208.0,342.0,0.608,1.0,2.0,0.5,207.0,340.0,0.609,0.61,59.0,159.0,0.371,169.0,288.0,457.0,30.0,59.0,95.0,57.0,144.0,476.0,0.0,ROY-4
2013,209.0,Shane Battier,34.0,MIA,SF,72.0,20.0,1786.0,152.0,362.0,0.42,136.0,316.0,0.43,16.0,46.0,0.348,0.608,32.0,38.0,0.842,37.0,128.0,165.0,72.0,41.0,55.0,34.0,149.0,472.0,0.0,6MOY-12
2013,210.0,Jeff Taylor,23.0,CHA,SF,77.0,29.0,1507.0,172.0,399.0,0.431,53.0,154.0,0.344,119.0,245.0,0.486,0.497,75.0,103.0,0.728,51.0,99.0,150.0,63.0,47.0,15.0,48.0,136.0,472.0,0.0,
2013,211.0,Terrence Ross,21.0,TOR,SG,73.0,2.0,1239.0,186.0,457.0,0.407,65.0,196.0,0.332,121.0,261.0,0.464,0.478,30.0,42.0,0.714,35.0,109.0,144.0,53.0,43.0,14.0,48.0,122.0,467.0,0.0,
2013,212.0,Charlie Villanueva,28.0,DET,PF,69.0,0.0,1092.0,175.0,464.0,0.377,90.0,259.0,0.347,85.0,205.0,0.415,0.474,27.0,49.0,0.551,49.0,192.0,241.0,54.0,31.0,39.0,39.0,96.0,467.0,0.0,
2013,213.0,Avery Bradley,22.0,BOS,PG,50.0,50.0,1435.0,192.0,478.0,0.402,40.0,126.0,0.317,152.0,352.0,0.432,0.444,37.0,49.0,0.755,30.0,81.0,111.0,104.0,64.0,19.0,72.0,129.0,461.0,0.0,"DPOY-12,DEF2"
2013,214.0,Kirk Hinrich,32.0,CHI,PG,60.0,60.0,1764.0,159.0,422.0,0.377,71.0,182.0,0.39,88.0,240.0,0.367,0.461,70.0,98.0,0.714,16.0,142.0,158.0,314.0,63.0,25.0,99.0,192.0,459.0,0.0,
2013,215.0,Jason Kidd,39.0,NYK,SG,76.0,48.0,2043.0,152.0,409.0,0.372,114.0,325.0,0.351,38.0,84.0,0.452,0.511,40.0,48.0,0.833,50.0,273.0,323.0,249.0,125.0,25.0,76.0,125.0,458.0,0.0,
2013,216.0,Lavoy Allen,23.0,PHI,C,79.0,37.0,1669.0,206.0,454.0,0.454,0.0,1.0,0.0,206.0,453.0,0.455,0.454,43.0,60.0,0.717,159.0,236.0,395.0,73.0,24.0,55.0,55.0,180.0,455.0,0.0,
2013,217.0,Jermaine O'Neal,34.0,PHO,C,55.0,4.0,1029.0,179.0,371.0,0.482,0.0,0.0,,179.0,371.0,0.482,0.482,96.0,115.0,0.835,82.0,211.0,293.0,42.0,19.0,78.0,73.0,126.0,454.0,0.0,
2013,218.0,Ivan Johnson,28.0,ATL,PF,69.0,5.0,1035.0,185.0,356.0,0.52,1.0,13.0,0.077,184.0,343.0,0.536,0.521,81.0,131.0,0.618,76.0,190.0,266.0,46.0,56.0,14.0,71.0,131.0,452.0,0.0,
2013,219.0,Alec Burks,21.0,UTA,SG,64.0,0.0,1137.0,163.0,388.0,0.42,33.0,92.0,0.359,130.0,296.0,0.439,0.463,92.0,129.0,0.713,37.0,108.0,145.0,92.0,35.0,13.0,74.0,114.0,451.0,0.0,
2013,220.0,Willie Green,31.0,LAC,SG,72.0,60.0,1188.0,178.0,386.0,0.461,71.0,166.0,0.428,107.0,220.0,0.486,0.553,23.0,32.0,0.719,17.0,80.0,97.0,55.0,29.0,12.0,31.0,96.0,450.0,0.0,
2013,221.0,Norris Cole,24.0,MIA,PG,80.0,4.0,1590.0,179.0,425.0,0.421,35.0,98.0,0.357,144.0,327.0,0.44,0.462,52.0,80.0,0.65,18.0,112.0,130.0,164.0,57.0,7.0,104.0,155.0,445.0,0.0,
2013,222.0,Andrea Bargnani,27.0,TOR,PF,35.0,25.0,1003.0,170.0,426.0,0.399,38.0,123.0,0.309,132.0,303.0,0.436,0.444,65.0,77.0,0.844,26.0,102.0,128.0,38.0,21.0,23.0,54.0,64.0,443.0,0.0,
2013,223.0,A.J. Price,26.0,WAS,PG,57.0,22.0,1278.0,161.0,413.0,0.39,70.0,200.0,0.35,91.0,213.0,0.427,0.475,49.0,62.0,0.79,20.0,94.0,114.0,205.0,33.0,3.0,64.0,73.0,441.0,0.0,
2013,224.0,Boris Diaw,30.0,SAS,PF,75.0,20.0,1709.0,179.0,332.0,0.539,30.0,78.0,0.385,149.0,254.0,0.587,0.584,47.0,65.0,0.723,66.0,188.0,254.0,180.0,52.0,27.0,84.0,143.0,435.0,0.0,
2013,225.0,Earl Clark,25.0,LAL,PF,59.0,36.0,1363.0,170.0,386.0,0.44,35.0,104.0,0.337,135.0,282.0,0.479,0.486,53.0,76.0,0.697,82.0,243.0,325.0,65.0,36.0,44.0,62.0,102.0,428.0,0.0,
2013,226.0,Gerald Green,27.0,IND,SF,60.0,7.0,1080.0,155.0,424.0,0.366,59.0,188.0,0.314,96.0,236.0,0.407,0.435,52.0,65.0,0.8,31.0,110.0,141.0,50.0,19.0,23.0,53.0,64.0,421.0,0.0,
2013,227.0,Greg Smith,22.0,HOU,C,70.0,10.0,1110.0,170.0,274.0,0.62,0.0,1.0,0.0,170.0,273.0,0.623,0.62,81.0,130.0,0.623,111.0,210.0,321.0,25.0,18.0,40.0,41.0,175.0,421.0,0.0,
2013,228.0,Jason Smith,26.0,NOH,C,51.0,0.0,876.0,167.0,341.0,0.49,0.0,4.0,0.0,167.0,337.0,0.496,0.49,86.0,102.0,0.843,64.0,122.0,186.0,34.0,15.0,45.0,55.0,123.0,420.0,0.0,
2013,229.0,Shaun Livingston,27.0,2TM,PG,66.0,16.0,1455.0,166.0,346.0,0.48,0.0,4.0,0.0,166.0,342.0,0.485,0.48,85.0,98.0,0.867,31.0,127.0,158.0,215.0,48.0,31.0,76.0,127.0,417.0,0.0,
2013,229.0,Shaun Livingston,27.0,WAS,PG,17.0,4.0,320.0,24.0,66.0,0.364,0.0,3.0,0.0,24.0,63.0,0.381,0.364,15.0,15.0,1.0,2.0,35.0,37.0,38.0,11.0,2.0,17.0,22.0,63.0,0.0,
2013,229.0,Shaun Livingston,27.0,CLE,PG,49.0,12.0,1135.0,142.0,280.0,0.507,0.0,1.0,0.0,142.0,279.0,0.509,0.507,70.0,83.0,0.843,29.0,92.0,121.0,177.0,37.0,29.0,59.0,105.0,354.0,0.0,
2013,230.0,Amar'e Stoudemire,30.0,NYK,PF,29.0,0.0,682.0,154.0,267.0,0.577,0.0,0.0,,154.0,267.0,0.577,0.577,105.0,130.0,0.808,60.0,85.0,145.0,13.0,10.0,21.0,50.0,89.0,413.0,0.0,
2013,231.0,Nick Collison,32.0,OKC,C,81.0,2.0,1583.0,176.0,296.0,0.595,0.0,4.0,0.0,176.0,292.0,0.603,0.595,60.0,78.0,0.769,123.0,210.0,333.0,121.0,51.0,30.0,69.0,197.0,412.0,0.0,
2013,232.0,Ian Mahinmi,26.0,IND,C,80.0,2.0,1322.0,149.0,329.0,0.453,0.0,2.0,0.0,149.0,327.0,0.456,0.453,104.0,171.0,0.608,115.0,196.0,311.0,27.0,39.0,66.0,92.0,201.0,402.0,0.0,
2013,233.0,Josh McRoberts,25.0,2TM,PF,67.0,22.0,1487.0,156.0,343.0,0.455,24.0,84.0,0.286,132.0,259.0,0.51,0.49,65.0,85.0,0.765,93.0,232.0,325.0,141.0,32.0,27.0,66.0,131.0,401.0,0.0,
2013,233.0,Josh McRoberts,25.0,ORL,PF,41.0,3.0,685.0,60.0,153.0,0.392,17.0,55.0,0.309,43.0,98.0,0.439,0.448,22.0,30.0,0.733,41.0,96.0,137.0,70.0,10.0,12.0,28.0,65.0,159.0,0.0,
2013,233.0,Josh McRoberts,25.0,CHA,PF,26.0,19.0,802.0,96.0,190.0,0.505,7.0,29.0,0.241,89.0,161.0,0.553,0.524,43.0,55.0,0.782,52.0,136.0,188.0,71.0,22.0,15.0,38.0,66.0,242.0,0.0,
2013,234.0,Wesley Johnson,25.0,PHO,SF,50.0,21.0,953.0,161.0,396.0,0.407,50.0,155.0,0.323,111.0,241.0,0.461,0.47,27.0,35.0,0.771,21.0,102.0,123.0,34.0,22.0,18.0,48.0,56.0,399.0,0.0,
2013,235.0,MarShon Brooks,24.0,BRK,SG,73.0,2.0,912.0,155.0,335.0,0.463,15.0,55.0,0.273,140.0,280.0,0.5,0.485,69.0,94.0,0.734,32.0,72.0,104.0,76.0,34.0,16.0,69.0,93.0,394.0,0.0,
2013,236.0,DeMarre Carroll,26.0,UTA,SF,66.0,12.0,1111.0,149.0,324.0,0.46,20.0,70.0,0.286,129.0,254.0,0.508,0.491,75.0,98.0,0.765,87.0,101.0,188.0,61.0,58.0,24.0,34.0,119.0,393.0,0.0,
2013,237.0,Jae Crowder,22.0,DAL,SF,78.0,16.0,1353.0,141.0,367.0,0.384,63.0,192.0,0.328,78.0,175.0,0.446,0.47,47.0,73.0,0.644,35.0,152.0,187.0,94.0,63.0,17.0,49.0,128.0,392.0,0.0,
2013,238.0,Damien Wilkins,33.0,PHI,SG,61.0,21.0,1095.0,145.0,316.0,0.459,17.0,51.0,0.333,128.0,265.0,0.483,0.486,81.0,109.0,0.743,32.0,73.0,105.0,91.0,37.0,18.0,49.0,98.0,388.0,0.0,
2013,239.0,Luc Mbah a Moute,26.0,MIL,SF,58.0,45.0,1326.0,151.0,377.0,0.401,13.0,37.0,0.351,138.0,340.0,0.406,0.418,72.0,126.0,0.571,89.0,167.0,256.0,55.0,42.0,14.0,70.0,82.0,387.0,0.0,
2013,240.0,Bismack Biyombo,20.0,CHA,C,80.0,65.0,2186.0,156.0,346.0,0.451,0.0,0.0,,156.0,346.0,0.451,0.451,74.0,142.0,0.521,194.0,388.0,582.0,35.0,28.0,143.0,82.0,195.0,386.0,0.0,
2013,241.0,John Henson,22.0,MIL,PF,63.0,9.0,827.0,162.0,336.0,0.482,0.0,3.0,0.0,162.0,333.0,0.486,0.482,56.0,105.0,0.533,116.0,181.0,297.0,31.0,19.0,42.0,47.0,83.0,380.0,0.0,
2013,242.0,Jonas Jerebko,25.0,DET,PF,49.0,2.0,892.0,142.0,316.0,0.449,25.0,83.0,0.301,117.0,233.0,0.502,0.489,68.0,88.0,0.773,68.0,117.0,185.0,43.0,38.0,8.0,42.0,90.0,377.0,0.0,
2013,243.0,Meyers Leonard,20.0,POR,C,69.0,9.0,1206.0,151.0,277.0,0.545,3.0,7.0,0.429,148.0,270.0,0.548,0.551,72.0,89.0,0.809,80.0,175.0,255.0,33.0,11.0,38.0,49.0,168.0,377.0,0.0,
2013,244.0,Austin Rivers,20.0,NOH,SG,61.0,26.0,1418.0,145.0,390.0,0.372,28.0,86.0,0.326,117.0,304.0,0.385,0.408,59.0,108.0,0.546,16.0,93.0,109.0,127.0,26.0,9.0,74.0,122.0,377.0,0.0,
2013,245.0,Aaron Brooks,28.0,2TM,PG,53.0,20.0,997.0,143.0,316.0,0.453,50.0,134.0,0.373,93.0,182.0,0.511,0.532,40.0,52.0,0.769,13.0,67.0,80.0,114.0,30.0,10.0,67.0,94.0,376.0,0.0,
2013,245.0,Aaron Brooks,28.0,SAC,PG,46.0,20.0,959.0,139.0,303.0,0.459,48.0,127.0,0.378,91.0,176.0,0.517,0.538,40.0,52.0,0.769,12.0,66.0,78.0,108.0,29.0,7.0,63.0,89.0,366.0,0.0,
2013,245.0,Aaron Brooks,28.0,HOU,PG,7.0,0.0,38.0,4.0,13.0,0.308,2.0,7.0,0.286,2.0,6.0,0.333,0.385,0.0,0.0,,1.0,1.0,2.0,6.0,1.0,3.0,4.0,5.0,10.0,0.0,
2013,246.0,Kris Humphries,27.0,BRK,PF,65.0,21.0,1191.0,139.0,310.0,0.448,0.0,2.0,0.0,139.0,308.0,0.451,0.448,97.0,123.0,0.789,126.0,239.0,365.0,32.0,16.0,33.0,57.0,127.0,375.0,0.0,
2013,247.0,Quincy Pondexter,24.0,MEM,SF,59.0,1.0,1243.0,128.0,299.0,0.428,60.0,152.0,0.395,68.0,147.0,0.463,0.528,59.0,75.0,0.787,43.0,89.0,132.0,61.0,35.0,6.0,42.0,95.0,375.0,0.0,
2013,248.0,Reggie Jackson,22.0,OKC,PG,70.0,0.0,993.0,149.0,325.0,0.458,24.0,104.0,0.231,125.0,221.0,0.566,0.495,52.0,62.0,0.839,21.0,145.0,166.0,122.0,29.0,13.0,53.0,84.0,374.0,0.0,
2013,249.0,John Jenkins,21.0,ATL,SG,61.0,2.0,902.0,131.0,294.0,0.446,53.0,138.0,0.384,78.0,156.0,0.5,0.536,59.0,70.0,0.843,17.0,77.0,94.0,56.0,12.0,10.0,40.0,37.0,374.0,0.0,ROY-10
2013,250.0,Roger Mason,32.0,NOH,SG,69.0,13.0,1219.0,132.0,305.0,0.433,66.0,159.0,0.415,66.0,146.0,0.452,0.541,39.0,43.0,0.907,11.0,121.0,132.0,74.0,26.0,11.0,51.0,104.0,369.0,0.0,
2013,251.0,Reggie Evans,32.0,BRK,PF,80.0,56.0,1967.0,125.0,261.0,0.479,0.0,0.0,,125.0,261.0,0.479,0.479,113.0,222.0,0.509,260.0,628.0,888.0,43.0,74.0,13.0,111.0,199.0,363.0,0.0,
2013,252.0,Darrell Arthur,24.0,MEM,PF,59.0,3.0,970.0,162.0,359.0,0.451,5.0,18.0,0.278,157.0,341.0,0.46,0.458,33.0,46.0,0.717,68.0,101.0,169.0,33.0,24.0,33.0,43.0,126.0,362.0,0.0,
2013,253.0,D.J. Augustin,25.0,IND,PG,76.0,5.0,1226.0,103.0,294.0,0.35,67.0,190.0,0.353,36.0,104.0,0.346,0.464,83.0,99.0,0.838,20.0,71.0,91.0,170.0,34.0,3.0,68.0,64.0,356.0,0.0,
2013,254.0,Anderson Varejão,30.0,CLE,C,25.0,25.0,901.0,138.0,289.0,0.478,0.0,5.0,0.0,138.0,284.0,0.486,0.478,77.0,102.0,0.755,138.0,223.0,361.0,84.0,37.0,14.0,44.0,68.0,353.0,0.0,
2013,255.0,Jason Richardson,32.0,PHI,SG,33.0,33.0,936.0,135.0,336.0,0.402,57.0,167.0,0.341,78.0,169.0,0.462,0.487,20.0,33.0,0.606,19.0,108.0,127.0,51.0,40.0,15.0,26.0,57.0,347.0,0.0,
2013,256.0,Stephen Jackson,34.0,SAS,SF,55.0,6.0,1075.0,123.0,330.0,0.373,46.0,170.0,0.271,77.0,160.0,0.481,0.442,49.0,70.0,0.7,22.0,133.0,155.0,80.0,37.0,14.0,77.0,89.0,341.0,0.0,
2013,257.0,John Lucas III,30.0,TOR,PG,63.0,0.0,827.0,129.0,334.0,0.386,57.0,151.0,0.377,72.0,183.0,0.393,0.472,18.0,25.0,0.72,8.0,57.0,65.0,105.0,23.0,1.0,26.0,50.0,333.0,0.0,
2013,258.0,Thomas Robinson,21.0,2TM,PF,70.0,0.0,1056.0,138.0,321.0,0.43,0.0,1.0,0.0,138.0,320.0,0.431,0.43,57.0,109.0,0.523,122.0,193.0,315.0,46.0,41.0,26.0,88.0,124.0,333.0,0.0,
2013,258.0,Thomas Robinson,21.0,SAC,PF,51.0,0.0,809.0,103.0,243.0,0.424,0.0,0.0,,103.0,243.0,0.424,0.424,41.0,71.0,0.577,92.0,146.0,238.0,36.0,25.0,21.0,65.0,95.0,247.0,0.0,
2013,258.0,Thomas Robinson,21.0,HOU,PF,19.0,0.0,247.0,35.0,78.0,0.449,0.0,1.0,0.0,35.0,77.0,0.455,0.449,16.0,38.0,0.421,30.0,47.0,77.0,10.0,16.0,5.0,23.0,29.0,86.0,0.0,
2013,259.0,Sebastian Telfair,27.0,2TM,PG,59.0,2.0,980.0,112.0,309.0,0.362,53.0,150.0,0.353,59.0,159.0,0.371,0.448,54.0,69.0,0.783,13.0,71.0,84.0,153.0,37.0,11.0,64.0,104.0,331.0,0.0,
2013,259.0,Sebastian Telfair,27.0,PHO,PG,46.0,2.0,795.0,94.0,247.0,0.381,43.0,113.0,0.381,51.0,134.0,0.381,0.468,44.0,57.0,0.772,12.0,56.0,68.0,114.0,28.0,10.0,53.0,84.0,275.0,0.0,
2013,259.0,Sebastian Telfair,27.0,TOR,PG,13.0,0.0,185.0,18.0,62.0,0.29,10.0,37.0,0.27,8.0,25.0,0.32,0.371,10.0,12.0,0.833,1.0,15.0,16.0,39.0,9.0,1.0,11.0,20.0,56.0,0.0,
2013,260.0,Kevin Love,24.0,MIN,PF,18.0,18.0,618.0,105.0,298.0,0.352,20.0,92.0,0.217,85.0,206.0,0.413,0.386,100.0,142.0,0.704,64.0,188.0,252.0,42.0,13.0,9.0,39.0,34.0,330.0,0.0,
2013,261.0,Lamar Odom,33.0,LAC,PF,82.0,2.0,1616.0,146.0,366.0,0.399,18.0,90.0,0.2,128.0,276.0,0.464,0.423,20.0,42.0,0.476,117.0,363.0,480.0,142.0,69.0,58.0,86.0,214.0,330.0,0.0,
2013,262.0,Kendrick Perkins,28.0,OKC,C,78.0,78.0,1954.0,143.0,313.0,0.457,0.0,1.0,0.0,143.0,312.0,0.458,0.457,44.0,72.0,0.611,110.0,356.0,466.0,111.0,43.0,83.0,109.0,227.0,330.0,0.0,
2013,263.0,DeJuan Blair,23.0,SAS,PF,61.0,16.0,851.0,142.0,271.0,0.524,0.0,1.0,0.0,142.0,270.0,0.526,0.524,44.0,70.0,0.629,66.0,164.0,230.0,45.0,37.0,10.0,49.0,112.0,328.0,0.0,
2013,264.0,Steve Blake,32.0,LAL,PG,45.0,13.0,1175.0,114.0,270.0,0.422,72.0,171.0,0.421,42.0,99.0,0.424,0.556,27.0,35.0,0.771,21.0,111.0,132.0,173.0,34.0,6.0,62.0,83.0,327.0,0.0,
2013,265.0,Marquis Daniels,32.0,MIL,SF,59.0,33.0,1085.0,132.0,351.0,0.376,20.0,72.0,0.278,112.0,279.0,0.401,0.405,40.0,54.0,0.741,48.0,102.0,150.0,65.0,51.0,10.0,45.0,77.0,324.0,0.0,
2013,266.0,Ekpe Udoh,25.0,MIL,C,76.0,9.0,1312.0,117.0,269.0,0.435,0.0,1.0,0.0,117.0,268.0,0.437,0.435,89.0,119.0,0.748,113.0,138.0,251.0,43.0,39.0,85.0,43.0,139.0,323.0,0.0,
2013,267.0,Francisco García,31.0,2TM,SF,58.0,20.0,1029.0,118.0,300.0,0.393,67.0,179.0,0.374,51.0,121.0,0.421,0.505,18.0,21.0,0.857,8.0,83.0,91.0,63.0,46.0,38.0,32.0,88.0,321.0,0.0,
2013,267.0,Francisco García,31.0,SAC,SG,40.0,15.0,710.0,77.0,205.0,0.376,40.0,109.0,0.367,37.0,96.0,0.385,0.473,12.0,14.0,0.857,7.0,61.0,68.0,43.0,32.0,31.0,20.0,66.0,206.0,0.0,
2013,267.0,Francisco García,31.0,HOU,SF,18.0,5.0,319.0,41.0,95.0,0.432,27.0,70.0,0.386,14.0,25.0,0.56,0.574,6.0,7.0,0.857,1.0,22.0,23.0,20.0,14.0,7.0,12.0,22.0,115.0,0.0,
2013,268.0,Samuel Dalembert,31.0,MIL,C,47.0,23.0,765.0,137.0,253.0,0.542,1.0,1.0,1.0,136.0,252.0,0.54,0.543,38.0,55.0,0.691,105.0,171.0,276.0,21.0,17.0,53.0,51.0,90.0,313.0,0.0,
2013,269.0,Keith Bogans,32.0,BRK,SG,74.0,23.0,1408.0,108.0,284.0,0.38,84.0,245.0,0.343,24.0,39.0,0.615,0.528,11.0,17.0,0.647,16.0,104.0,120.0,76.0,28.0,4.0,49.0,108.0,311.0,0.0,
2013,270.0,Greg Stiemsma,27.0,MIN,C,76.0,19.0,1209.0,127.0,278.0,0.457,0.0,0.0,,127.0,278.0,0.457,0.457,53.0,69.0,0.768,61.0,200.0,261.0,30.0,44.0,90.0,59.0,184.0,307.0,0.0,
2013,271.0,Zaza Pachulia,28.0,ATL,C,52.0,15.0,1134.0,114.0,241.0,0.473,0.0,3.0,0.0,114.0,238.0,0.479,0.473,78.0,103.0,0.757,132.0,204.0,336.0,79.0,35.0,12.0,70.0,128.0,306.0,0.0,
2013,272.0,Iman Shumpert,22.0,NYK,SG,45.0,45.0,996.0,109.0,275.0,0.396,51.0,127.0,0.402,58.0,148.0,0.392,0.489,36.0,47.0,0.766,31.0,105.0,136.0,75.0,43.0,7.0,37.0,99.0,305.0,0.0,
2013,273.0,Will Barton,22.0,POR,SG,73.0,5.0,894.0,118.0,309.0,0.382,9.0,65.0,0.138,109.0,244.0,0.447,0.396,50.0,65.0,0.769,36.0,109.0,145.0,58.0,34.0,9.0,60.0,56.0,295.0,0.0,
2013,274.0,Patty Mills,24.0,SAS,PG,58.0,2.0,656.0,113.0,241.0,0.469,52.0,130.0,0.4,61.0,111.0,0.55,0.577,16.0,19.0,0.842,9.0,41.0,50.0,62.0,26.0,4.0,39.0,55.0,294.0,0.0,
2013,275.0,Eric Maynor,25.0,2TM,PG,64.0,0.0,963.0,106.0,281.0,0.377,34.0,96.0,0.354,72.0,185.0,0.389,0.438,45.0,62.0,0.726,9.0,37.0,46.0,182.0,22.0,1.0,79.0,55.0,291.0,0.0,
2013,275.0,Eric Maynor,25.0,OKC,PG,37.0,0.0,391.0,36.0,115.0,0.313,15.0,46.0,0.326,21.0,69.0,0.304,0.378,17.0,21.0,0.81,5.0,13.0,18.0,73.0,10.0,0.0,31.0,19.0,104.0,0.0,
2013,275.0,Eric Maynor,25.0,POR,SG,27.0,0.0,572.0,70.0,166.0,0.422,19.0,50.0,0.38,51.0,116.0,0.44,0.479,28.0,41.0,0.683,4.0,24.0,28.0,109.0,12.0,1.0,48.0,36.0,187.0,0.0,
2013,276.0,Udonis Haslem,32.0,MIA,PF,75.0,59.0,1414.0,129.0,251.0,0.514,0.0,0.0,,129.0,251.0,0.514,0.514,32.0,45.0,0.711,97.0,307.0,404.0,38.0,30.0,15.0,45.0,173.0,290.0,0.0,
2013,277.0,Matt Bonner,32.0,SAS,PF,68.0,4.0,909.0,112.0,230.0,0.487,53.0,120.0,0.442,59.0,110.0,0.536,0.602,11.0,15.0,0.733,25.0,104.0,129.0,36.0,17.0,19.0,16.0,86.0,288.0,0.0,
2013,278.0,Rashard Lewis,33.0,MIA,PF,55.0,9.0,792.0,103.0,249.0,0.414,51.0,131.0,0.389,52.0,118.0,0.441,0.516,28.0,45.0,0.622,19.0,102.0,121.0,30.0,21.0,14.0,33.0,67.0,285.0,0.0,
2013,279.0,DeShawn Stevenson,31.0,ATL,SG,56.0,31.0,1158.0,98.0,262.0,0.374,76.0,209.0,0.364,22.0,53.0,0.415,0.519,12.0,23.0,0.522,18.0,104.0,122.0,52.0,29.0,6.0,23.0,69.0,284.0,0.0,
2013,280.0,Mike Miller,32.0,MIA,SF,59.0,17.0,900.0,100.0,231.0,0.433,73.0,175.0,0.417,27.0,56.0,0.482,0.591,8.0,11.0,0.727,18.0,139.0,157.0,99.0,21.0,4.0,35.0,63.0,281.0,0.0,
2013,281.0,Nando De Colo,25.0,SAS,SG,72.0,6.0,920.0,105.0,241.0,0.436,31.0,82.0,0.378,74.0,159.0,0.465,0.5,35.0,44.0,0.795,23.0,115.0,138.0,138.0,41.0,6.0,81.0,87.0,276.0,0.0,
2013,282.0,James Johnson,25.0,SAC,SF,54.0,11.0,878.0,117.0,283.0,0.413,2.0,21.0,0.095,115.0,262.0,0.439,0.417,40.0,67.0,0.597,49.0,96.0,145.0,58.0,41.0,50.0,68.0,99.0,276.0,0.0,
2013,283.0,Pablo Prigioni,35.0,NYK,PG,78.0,18.0,1263.0,100.0,220.0,0.455,53.0,134.0,0.396,47.0,86.0,0.547,0.575,22.0,25.0,0.88,41.0,102.0,143.0,236.0,69.0,2.0,86.0,127.0,275.0,0.0,
2013,284.0,Mike James,37.0,DAL,PG,45.0,23.0,862.0,101.0,271.0,0.373,48.0,125.0,0.384,53.0,146.0,0.363,0.461,23.0,29.0,0.793,9.0,63.0,72.0,139.0,26.0,3.0,55.0,95.0,273.0,0.0,
2013,285.0,Cartier Martin,28.0,WAS,SF,41.0,3.0,694.0,96.0,252.0,0.381,58.0,146.0,0.397,38.0,106.0,0.358,0.496,20.0,28.0,0.714,11.0,89.0,100.0,20.0,19.0,6.0,32.0,58.0,270.0,0.0,
2013,286.0,Jared Sullinger,20.0,BOS,PF,45.0,5.0,892.0,111.0,225.0,0.493,1.0,5.0,0.2,110.0,220.0,0.5,0.496,47.0,63.0,0.746,92.0,172.0,264.0,35.0,22.0,22.0,29.0,154.0,270.0,0.0,
2013,287.0,Jeremy Pargo,26.0,2TM,PG,39.0,11.0,655.0,99.0,250.0,0.396,25.0,74.0,0.338,74.0,176.0,0.42,0.446,42.0,62.0,0.677,8.0,41.0,49.0,92.0,13.0,2.0,50.0,46.0,265.0,0.0,
2013,287.0,Jeremy Pargo,26.0,CLE,PG,25.0,11.0,447.0,75.0,187.0,0.401,18.0,57.0,0.316,57.0,130.0,0.438,0.449,28.0,41.0,0.683,7.0,25.0,32.0,64.0,12.0,2.0,37.0,32.0,196.0,0.0,
2013,287.0,Jeremy Pargo,26.0,PHI,SG,14.0,0.0,208.0,24.0,63.0,0.381,7.0,17.0,0.412,17.0,46.0,0.37,0.437,14.0,21.0,0.667,1.0,16.0,17.0,28.0,1.0,0.0,13.0,14.0,69.0,0.0,
2013,288.0,Garrett Temple,26.0,WAS,SG,51.0,36.0,1156.0,105.0,258.0,0.407,26.0,80.0,0.325,79.0,178.0,0.444,0.457,26.0,37.0,0.703,29.0,94.0,123.0,115.0,50.0,17.0,61.0,94.0,262.0,0.0,
2013,289.0,Dahntay Jones,32.0,2TM,SF,78.0,19.0,1016.0,82.0,222.0,0.369,11.0,49.0,0.224,71.0,173.0,0.41,0.394,87.0,113.0,0.77,24.0,77.0,101.0,48.0,22.0,6.0,38.0,119.0,262.0,0.0,
2013,289.0,Dahntay Jones,32.0,DAL,SF,50.0,15.0,635.0,50.0,140.0,0.357,8.0,37.0,0.216,42.0,103.0,0.408,0.386,66.0,82.0,0.805,13.0,57.0,70.0,28.0,10.0,5.0,22.0,73.0,174.0,0.0,
2013,289.0,Dahntay Jones,32.0,ATL,SF,28.0,4.0,381.0,32.0,82.0,0.39,3.0,12.0,0.25,29.0,70.0,0.414,0.409,21.0,31.0,0.677,11.0,20.0,31.0,20.0,12.0,1.0,16.0,46.0,88.0,0.0,
2013,290.0,Chris Wilcox,30.0,BOS,C,61.0,7.0,830.0,110.0,153.0,0.719,0.0,1.0,0.0,110.0,152.0,0.724,0.719,39.0,58.0,0.672,55.0,125.0,180.0,22.0,32.0,28.0,34.0,125.0,259.0,0.0,
2013,291.0,Trevor Booker,25.0,WAS,PF,48.0,14.0,887.0,108.0,220.0,0.491,0.0,5.0,0.0,108.0,215.0,0.502,0.491,40.0,72.0,0.556,98.0,141.0,239.0,40.0,32.0,16.0,31.0,95.0,256.0,0.0,
2013,292.0,Anthony Tolliver,27.0,ATL,SF,62.0,11.0,963.0,82.0,216.0,0.38,45.0,133.0,0.338,37.0,83.0,0.446,0.484,44.0,51.0,0.863,31.0,124.0,155.0,32.0,15.0,12.0,36.0,66.0,253.0,0.0,
2013,293.0,Daniel Gibson,26.0,CLE,PG,46.0,3.0,919.0,84.0,247.0,0.34,56.0,163.0,0.344,28.0,84.0,0.333,0.453,26.0,37.0,0.703,5.0,55.0,60.0,82.0,30.0,4.0,31.0,89.0,250.0,0.0,
2013,294.0,Donatas Motiejūnas,22.0,HOU,PF,44.0,14.0,538.0,97.0,213.0,0.455,24.0,83.0,0.289,73.0,130.0,0.562,0.512,32.0,51.0,0.627,36.0,57.0,93.0,31.0,7.0,10.0,37.0,73.0,250.0,0.0,
2013,295.0,Austin Daye,24.0,2TM,SF,55.0,0.0,676.0,90.0,208.0,0.433,41.0,98.0,0.418,49.0,110.0,0.445,0.531,26.0,34.0,0.765,16.0,107.0,123.0,42.0,14.0,22.0,29.0,82.0,247.0,0.0,
2013,295.0,Austin Daye,24.0,DET,SF,24.0,0.0,348.0,43.0,97.0,0.443,21.0,40.0,0.525,22.0,57.0,0.386,0.552,15.0,18.0,0.833,10.0,53.0,63.0,21.0,5.0,8.0,13.0,43.0,122.0,0.0,
2013,295.0,Austin Daye,24.0,MEM,SF,31.0,0.0,328.0,47.0,111.0,0.423,20.0,58.0,0.345,27.0,53.0,0.509,0.514,11.0,16.0,0.688,6.0,54.0,60.0,21.0,9.0,14.0,16.0,39.0,125.0,0.0,
2013,296.0,Luke Babbitt,23.0,POR,PF,62.0,0.0,730.0,86.0,234.0,0.368,62.0,178.0,0.348,24.0,56.0,0.429,0.5,10.0,13.0,0.769,15.0,122.0,137.0,29.0,14.0,5.0,22.0,82.0,244.0,0.0,6MOY-14
2013,297.0,Landry Fields,24.0,TOR,SF,51.0,22.0,1037.0,102.0,223.0,0.457,2.0,14.0,0.143,100.0,209.0,0.478,0.462,34.0,53.0,0.642,59.0,149.0,208.0,60.0,32.0,8.0,42.0,63.0,240.0,0.0,
2013,298.0,DeQuan Jones,22.0,ORL,SF,63.0,17.0,803.0,95.0,218.0,0.436,9.0,35.0,0.257,86.0,183.0,0.47,0.456,34.0,51.0,0.667,17.0,88.0,105.0,16.0,19.0,22.0,30.0,55.0,233.0,0.0,
2013,299.0,Kyle O'Quinn,22.0,ORL,C,57.0,5.0,638.0,101.0,197.0,0.513,0.0,1.0,0.0,101.0,196.0,0.515,0.513,30.0,45.0,0.667,65.0,144.0,209.0,52.0,11.0,26.0,37.0,107.0,232.0,0.0,
2013,300.0,Chris Singleton,23.0,WAS,PF,57.0,11.0,924.0,92.0,241.0,0.382,7.0,36.0,0.194,85.0,205.0,0.415,0.396,40.0,70.0,0.571,51.0,133.0,184.0,37.0,38.0,24.0,45.0,124.0,231.0,0.0,
2013,301.0,Jamaal Tinsley,34.0,UTA,PG,66.0,32.0,1221.0,86.0,234.0,0.368,39.0,127.0,0.307,47.0,107.0,0.439,0.451,18.0,26.0,0.692,17.0,98.0,115.0,290.0,64.0,14.0,106.0,106.0,229.0,0.0,
2013,302.0,Patrick Beverley,24.0,HOU,PG,41.0,0.0,713.0,79.0,189.0,0.418,36.0,96.0,0.375,43.0,93.0,0.462,0.513,34.0,41.0,0.829,45.0,64.0,109.0,117.0,37.0,21.0,44.0,83.0,228.0,0.0,
2013,303.0,Draymond Green,22.0,GSW,SF,79.0,1.0,1061.0,84.0,257.0,0.327,14.0,67.0,0.209,70.0,190.0,0.368,0.354,45.0,55.0,0.818,58.0,202.0,260.0,53.0,42.0,25.0,51.0,159.0,227.0,0.0,
2013,304.0,Chase Budinger,24.0,MIN,SF,23.0,1.0,508.0,79.0,191.0,0.414,26.0,81.0,0.321,53.0,110.0,0.482,0.482,32.0,42.0,0.762,15.0,56.0,71.0,25.0,14.0,7.0,23.0,29.0,216.0,0.0,
2013,305.0,Brendan Haywood,33.0,CHA,C,61.0,17.0,1162.0,93.0,216.0,0.431,0.0,1.0,0.0,93.0,215.0,0.433,0.431,30.0,66.0,0.455,125.0,165.0,290.0,29.0,16.0,49.0,50.0,125.0,216.0,0.0,
2013,306.0,Leandro Barbosa,30.0,BOS,PG,41.0,2.0,513.0,83.0,193.0,0.43,18.0,47.0,0.383,65.0,146.0,0.445,0.477,31.0,41.0,0.756,8.0,38.0,46.0,58.0,17.0,6.0,21.0,51.0,215.0,0.0,
2013,307.0,Jeff Adrien,26.0,CHA,PF,52.0,5.0,713.0,72.0,168.0,0.429,0.0,2.0,0.0,72.0,166.0,0.434,0.429,65.0,100.0,0.65,68.0,128.0,196.0,36.0,18.0,27.0,32.0,80.0,209.0,0.0,
2013,308.0,Jordan Hamilton,22.0,DEN,SF,40.0,1.0,397.0,84.0,201.0,0.418,27.0,73.0,0.37,57.0,128.0,0.445,0.485,13.0,26.0,0.5,32.0,63.0,95.0,23.0,15.0,8.0,19.0,24.0,208.0,0.0,
2013,309.0,Chris Andersen,34.0,MIA,C,42.0,0.0,624.0,71.0,123.0,0.577,2.0,3.0,0.667,69.0,120.0,0.575,0.585,63.0,93.0,0.677,57.0,115.0,172.0,17.0,16.0,44.0,24.0,89.0,207.0,0.0,
2013,310.0,Jannero Pargo,33.0,3TM,PG,32.0,0.0,507.0,78.0,212.0,0.368,39.0,116.0,0.336,39.0,96.0,0.406,0.46,12.0,13.0,0.923,10.0,25.0,35.0,67.0,18.0,3.0,41.0,42.0,207.0,0.0,
2013,310.0,Jannero Pargo,33.0,WAS,PG,7.0,0.0,102.0,8.0,32.0,0.25,3.0,20.0,0.15,5.0,12.0,0.417,0.297,2.0,2.0,1.0,0.0,6.0,6.0,14.0,0.0,1.0,8.0,8.0,21.0,0.0,
2013,310.0,Jannero Pargo,33.0,ATL,PG,7.0,0.0,113.0,13.0,38.0,0.342,7.0,20.0,0.35,6.0,18.0,0.333,0.434,2.0,2.0,1.0,1.0,6.0,7.0,19.0,3.0,0.0,5.0,8.0,35.0,0.0,
2013,310.0,Jannero Pargo,33.0,CHA,PG,18.0,0.0,292.0,57.0,142.0,0.401,29.0,76.0,0.382,28.0,66.0,0.424,0.504,8.0,9.0,0.889,9.0,13.0,22.0,34.0,15.0,2.0,28.0,26.0,151.0,0.0,
2013,311.0,Ryan Hollins,28.0,LAC,C,60.0,0.0,663.0,70.0,114.0,0.614,0.0,0.0,,70.0,114.0,0.614,0.614,66.0,88.0,0.75,50.0,89.0,139.0,11.0,6.0,34.0,44.0,133.0,206.0,0.0,
2013,312.0,Gustavo Ayón,27.0,2TM,C,55.0,3.0,734.0,92.0,167.0,0.551,0.0,0.0,,92.0,167.0,0.551,0.551,20.0,50.0,0.4,60.0,139.0,199.0,71.0,22.0,17.0,47.0,107.0,204.0,0.0,
2013,312.0,Gustavo Ayón,27.0,ORL,C,43.0,3.0,571.0,67.0,125.0,0.536,0.0,0.0,,67.0,125.0,0.536,0.536,19.0,38.0,0.5,40.0,100.0,140.0,59.0,13.0,13.0,38.0,83.0,153.0,0.0,
2013,312.0,Gustavo Ayón,27.0,MIL,C,12.0,0.0,163.0,25.0,42.0,0.595,0.0,0.0,,25.0,42.0,0.595,0.595,1.0,12.0,0.083,20.0,39.0,59.0,12.0,9.0,4.0,9.0,24.0,51.0,0.0,
2013,313.0,Orlando Johnson,23.0,IND,SG,51.0,0.0,619.0,72.0,180.0,0.4,36.0,94.0,0.383,36.0,86.0,0.419,0.5,23.0,32.0,0.719,20.0,90.0,110.0,47.0,11.0,9.0,29.0,51.0,203.0,0.0,
2013,314.0,Evan Fournier,20.0,DEN,SG,38.0,4.0,428.0,75.0,152.0,0.493,22.0,54.0,0.407,53.0,98.0,0.541,0.566,30.0,39.0,0.769,6.0,29.0,35.0,44.0,19.0,1.0,32.0,65.0,202.0,0.0,
2013,315.0,Travis Outlaw,28.0,SAC,SF,38.0,2.0,444.0,74.0,177.0,0.418,14.0,50.0,0.28,60.0,127.0,0.472,0.458,38.0,52.0,0.731,17.0,44.0,61.0,21.0,11.0,8.0,19.0,35.0,200.0,0.0,
2013,316.0,Chuck Hayes,29.0,SAC,C,74.0,1.0,1209.0,84.0,190.0,0.442,0.0,1.0,0.0,84.0,189.0,0.444,0.442,30.0,48.0,0.625,113.0,186.0,299.0,112.0,31.0,18.0,44.0,114.0,198.0,0.0,
2013,317.0,Xavier Henry,21.0,NOH,SF,50.0,2.0,625.0,66.0,161.0,0.41,4.0,11.0,0.364,62.0,150.0,0.413,0.422,58.0,92.0,0.63,21.0,69.0,90.0,13.0,16.0,5.0,31.0,72.0,194.0,0.0,
2013,318.0,Jordan Hill,25.0,LAL,PF,29.0,1.0,458.0,77.0,155.0,0.497,0.0,2.0,0.0,77.0,153.0,0.503,0.497,40.0,61.0,0.656,82.0,84.0,166.0,13.0,8.0,19.0,26.0,55.0,194.0,0.0,
2013,319.0,Darius Morris,22.0,LAL,PG,48.0,17.0,683.0,73.0,188.0,0.388,24.0,66.0,0.364,49.0,122.0,0.402,0.452,24.0,37.0,0.649,24.0,33.0,57.0,76.0,21.0,2.0,45.0,58.0,194.0,0.0,
2013,320.0,Hakim Warrick,30.0,2TM,PF,28.0,14.0,489.0,67.0,165.0,0.406,0.0,3.0,0.0,67.0,162.0,0.414,0.406,60.0,88.0,0.682,21.0,68.0,89.0,25.0,13.0,6.0,29.0,37.0,194.0,0.0,
2013,320.0,Hakim Warrick,30.0,NOH,PF,1.0,0.0,7.0,1.0,2.0,0.5,0.0,0.0,,1.0,2.0,0.5,0.5,2.0,2.0,1.0,0.0,0.0,0.0,0.0,1.0,0.0,0.0,0.0,4.0,0.0,
2013,320.0,Hakim Warrick,30.0,CHA,PF,27.0,14.0,482.0,66.0,163.0,0.405,0.0,3.0,0.0,66.0,160.0,0.413,0.405,58.0,86.0,0.674,21.0,68.0,89.0,25.0,12.0,6.0,29.0,37.0,190.0,0.0,
2013,321.0,Festus Ezeli,23.0,GSW,C,78.0,41.0,1120.0,74.0,169.0,0.438,0.0,0.0,,74.0,169.0,0.438,0.438,43.0,81.0,0.531,141.0,172.0,313.0,22.0,23.0,74.0,63.0,157.0,191.0,0.0,
2013,322.0,Mirza Teletović,27.0,BRK,PF,53.0,0.0,499.0,71.0,185.0,0.384,37.0,108.0,0.343,34.0,77.0,0.442,0.484,9.0,11.0,0.818,33.0,62.0,95.0,23.0,13.0,8.0,20.0,53.0,188.0,0.0,
2013,323.0,Victor Claver,24.0,POR,SF,49.0,16.0,812.0,74.0,189.0,0.392,25.0,87.0,0.287,49.0,102.0,0.48,0.458,14.0,30.0,0.467,31.0,88.0,119.0,43.0,26.0,12.0,43.0,75.0,187.0,0.0,
2013,324.0,Andrew Bogut,28.0,GSW,C,32.0,32.0,786.0,83.0,184.0,0.451,1.0,1.0,1.0,82.0,183.0,0.448,0.454,19.0,38.0,0.5,68.0,177.0,245.0,67.0,20.0,55.0,35.0,85.0,186.0,0.0,
2013,325.0,Chauncey Billups,36.0,LAC,SG,22.0,22.0,418.0,53.0,132.0,0.402,33.0,90.0,0.367,20.0,42.0,0.476,0.527,45.0,48.0,0.938,2.0,30.0,32.0,49.0,12.0,1.0,26.0,25.0,184.0,0.0,
2013,326.0,Mike Scott,24.0,ATL,PF,40.0,1.0,376.0,70.0,147.0,0.476,0.0,1.0,0.0,70.0,146.0,0.479,0.476,43.0,56.0,0.768,39.0,71.0,110.0,12.0,4.0,2.0,21.0,32.0,183.0,0.0,
2013,327.0,Jerry Stackhouse,38.0,BRK,SF,37.0,0.0,544.0,66.0,172.0,0.384,30.0,89.0,0.337,36.0,83.0,0.434,0.471,20.0,23.0,0.87,5.0,28.0,33.0,35.0,7.0,4.0,24.0,31.0,182.0,0.0,
2013,328.0,Rodrigue Beaubois,24.0,DAL,PG,45.0,0.0,549.0,65.0,176.0,0.369,21.0,72.0,0.292,44.0,104.0,0.423,0.429,30.0,38.0,0.789,9.0,48.0,57.0,84.0,19.0,4.0,33.0,54.0,181.0,0.0,
2013,329.0,Mickaël Gelabale,29.0,MIN,SF,36.0,13.0,644.0,72.0,139.0,0.518,16.0,52.0,0.308,56.0,87.0,0.644,0.576,21.0,24.0,0.875,32.0,67.0,99.0,26.0,16.0,4.0,16.0,47.0,181.0,0.0,
2013,330.0,Ronnie Brewer,27.0,2TM,SF,60.0,34.0,853.0,70.0,198.0,0.354,23.0,76.0,0.303,47.0,122.0,0.385,0.412,16.0,39.0,0.41,42.0,98.0,140.0,50.0,43.0,6.0,18.0,33.0,179.0,0.0,
2013,330.0,Ronnie Brewer,27.0,NYK,SF,46.0,34.0,711.0,64.0,175.0,0.366,22.0,71.0,0.31,42.0,104.0,0.404,0.429,16.0,39.0,0.41,29.0,71.0,100.0,40.0,34.0,6.0,14.0,27.0,166.0,0.0,
2013,330.0,Ronnie Brewer,27.0,OKC,SF,14.0,0.0,142.0,6.0,23.0,0.261,1.0,5.0,0.2,5.0,18.0,0.278,0.283,0.0,0.0,,13.0,27.0,40.0,10.0,9.0,0.0,4.0,6.0,13.0,0.0,
2013,331.0,Richard Jefferson,32.0,GSW,SF,56.0,1.0,568.0,62.0,136.0,0.456,14.0,45.0,0.311,48.0,91.0,0.527,0.507,38.0,53.0,0.717,5.0,79.0,84.0,31.0,14.0,7.0,23.0,45.0,176.0,0.0,
2013,332.0,Derek Fisher,38.0,2TM,PG,33.0,9.0,575.0,55.0,161.0,0.342,30.0,80.0,0.375,25.0,81.0,0.309,0.435,35.0,38.0,0.921,2.0,35.0,37.0,47.0,19.0,3.0,30.0,55.0,175.0,0.0,
2013,332.0,Derek Fisher,38.0,DAL,PG,9.0,9.0,229.0,23.0,65.0,0.354,10.0,23.0,0.435,13.0,42.0,0.31,0.431,21.0,23.0,0.913,0.0,15.0,15.0,31.0,5.0,2.0,18.0,24.0,77.0,0.0,
2013,332.0,Derek Fisher,38.0,OKC,SG,24.0,0.0,346.0,32.0,96.0,0.333,20.0,57.0,0.351,12.0,39.0,0.308,0.438,14.0,15.0,0.933,2.0,20.0,22.0,16.0,14.0,1.0,12.0,31.0,98.0,0.0,
2013,333.0,Arnett Moultrie,22.0,PHI,PF,47.0,0.0,542.0,78.0,134.0,0.582,0.0,0.0,,78.0,134.0,0.582,0.582,18.0,28.0,0.643,76.0,69.0,145.0,10.0,17.0,10.0,19.0,43.0,174.0,0.0,
2013,334.0,Omri Casspi,24.0,CLE,SF,43.0,1.0,503.0,63.0,160.0,0.394,25.0,76.0,0.329,38.0,84.0,0.452,0.472,22.0,41.0,0.537,20.0,94.0,114.0,28.0,25.0,12.0,22.0,45.0,173.0,0.0,
2013,335.0,Luke Walton,32.0,CLE,PF,50.0,0.0,857.0,71.0,181.0,0.392,20.0,67.0,0.299,51.0,114.0,0.447,0.448,10.0,20.0,0.5,38.0,107.0,145.0,166.0,42.0,13.0,60.0,98.0,172.0,0.0,
2013,336.0,Royal Ivey,31.0,PHI,SG,53.0,5.0,698.0,62.0,144.0,0.431,37.0,88.0,0.42,25.0,56.0,0.446,0.559,9.0,16.0,0.563,16.0,41.0,57.0,32.0,23.0,3.0,20.0,73.0,170.0,0.0,
2013,337.0,Nazr Mohammed,35.0,CHI,C,63.0,12.0,693.0,66.0,180.0,0.367,0.0,2.0,0.0,66.0,178.0,0.371,0.367,34.0,47.0,0.723,73.0,122.0,195.0,26.0,21.0,32.0,24.0,97.0,166.0,0.0,
2013,338.0,Khris Middleton,21.0,DET,SG,27.0,0.0,475.0,62.0,141.0,0.44,14.0,45.0,0.311,48.0,96.0,0.5,0.489,27.0,32.0,0.844,4.0,46.0,50.0,28.0,15.0,4.0,11.0,53.0,165.0,0.0,
2013,339.0,Anthony Morrow,27.0,2TM,SG,41.0,1.0,383.0,64.0,145.0,0.441,16.0,43.0,0.372,48.0,102.0,0.471,0.497,20.0,22.0,0.909,11.0,19.0,30.0,13.0,13.0,1.0,8.0,43.0,164.0,0.0,
2013,339.0,Anthony Morrow,27.0,ATL,SG,24.0,1.0,301.0,47.0,111.0,0.423,15.0,38.0,0.395,32.0,73.0,0.438,0.491,16.0,18.0,0.889,10.0,16.0,26.0,9.0,12.0,1.0,4.0,33.0,125.0,0.0,
2013,339.0,Anthony Morrow,27.0,DAL,SG,17.0,0.0,82.0,17.0,34.0,0.5,1.0,5.0,0.2,16.0,29.0,0.552,0.515,4.0,4.0,1.0,1.0,3.0,4.0,4.0,1.0,0.0,4.0,10.0,39.0,0.0,
2013,340.0,Hasheem Thabeet,25.0,OKC,C,66.0,4.0,770.0,64.0,106.0,0.604,0.0,0.0,,64.0,106.0,0.604,0.604,32.0,53.0,0.604,69.0,126.0,195.0,11.0,30.0,60.0,41.0,148.0,160.0,0.0,
2013,341.0,Sam Young,27.0,IND,SG,56.0,3.0,693.0,58.0,148.0,0.392,16.0,52.0,0.308,42.0,96.0,0.438,0.446,23.0,43.0,0.535,26.0,97.0,123.0,42.0,15.0,8.0,33.0,62.0,155.0,0.0,
2013,342.0,Doron Lamb,21.0,2TM,SG,47.0,0.0,577.0,60.0,163.0,0.368,14.0,37.0,0.378,46.0,126.0,0.365,0.411,20.0,34.0,0.588,8.0,38.0,46.0,32.0,13.0,0.0,26.0,52.0,154.0,0.0,
2013,342.0,Doron Lamb,21.0,MIL,SG,23.0,0.0,280.0,33.0,95.0,0.347,4.0,16.0,0.25,29.0,79.0,0.367,0.368,8.0,15.0,0.533,3.0,14.0,17.0,20.0,7.0,0.0,16.0,27.0,78.0,0.0,
2013,342.0,Doron Lamb,21.0,ORL,SG,24.0,0.0,297.0,27.0,68.0,0.397,10.0,21.0,0.476,17.0,47.0,0.362,0.471,12.0,19.0,0.632,5.0,24.0,29.0,12.0,6.0,0.0,10.0,25.0,76.0,0.0,
2013,343.0,Lance Thomas,24.0,NOH,SF,59.0,9.0,646.0,53.0,106.0,0.5,0.0,0.0,,53.0,106.0,0.5,0.5,43.0,59.0,0.729,44.0,71.0,115.0,17.0,11.0,7.0,14.0,78.0,149.0,0.0,
2013,344.0,James Anderson,23.0,2TM,SG,39.0,2.0,401.0,52.0,126.0,0.413,21.0,60.0,0.35,31.0,66.0,0.47,0.496,24.0,28.0,0.857,18.0,54.0,72.0,42.0,15.0,5.0,25.0,25.0,149.0,0.0,
2013,344.0,James Anderson,23.0,SAS,SF,10.0,0.0,94.0,11.0,25.0,0.44,5.0,11.0,0.455,6.0,14.0,0.429,0.54,7.0,9.0,0.778,3.0,11.0,14.0,9.0,3.0,2.0,7.0,7.0,34.0,0.0,
2013,344.0,James Anderson,23.0,HOU,SG,29.0,2.0,307.0,41.0,101.0,0.406,16.0,49.0,0.327,25.0,52.0,0.481,0.485,17.0,19.0,0.895,15.0,43.0,58.0,33.0,12.0,3.0,18.0,18.0,115.0,0.0,
2013,345.0,Linas Kleiza,28.0,TOR,SF,20.0,3.0,376.0,48.0,144.0,0.333,20.0,66.0,0.303,28.0,78.0,0.359,0.403,32.0,38.0,0.842,10.0,42.0,52.0,16.0,4.0,2.0,14.0,45.0,148.0,0.0,
2013,346.0,Rasheed Wallace,38.0,NYK,C,21.0,0.0,296.0,55.0,142.0,0.387,22.0,69.0,0.319,33.0,73.0,0.452,0.465,14.0,20.0,0.7,11.0,72.0,83.0,6.0,13.0,15.0,10.0,40.0,146.0,0.0,
2013,347.0,Reggie Williams,26.0,CHA,SF,40.0,0.0,380.0,57.0,132.0,0.432,22.0,72.0,0.306,35.0,60.0,0.583,0.515,10.0,21.0,0.476,8.0,43.0,51.0,39.0,12.0,1.0,19.0,19.0,146.0,0.0,
2013,348.0,Jeff Ayres,25.0,IND,PF,37.0,0.0,369.0,61.0,126.0,0.484,2.0,4.0,0.5,59.0,122.0,0.484,0.492,21.0,23.0,0.913,29.0,75.0,104.0,15.0,6.0,12.0,23.0,44.0,145.0,0.0,
2013,349.0,Kendall Marshall,21.0,PHO,PG,48.0,3.0,702.0,56.0,151.0,0.371,23.0,73.0,0.315,33.0,78.0,0.423,0.447,8.0,14.0,0.571,4.0,38.0,42.0,143.0,22.0,4.0,57.0,48.0,143.0,0.0,
2013,350.0,Anthony Randolph,23.0,DEN,PF,39.0,0.0,329.0,56.0,114.0,0.491,0.0,8.0,0.0,56.0,106.0,0.528,0.491,31.0,45.0,0.689,29.0,66.0,95.0,12.0,19.0,21.0,37.0,41.0,143.0,0.0,
2013,351.0,Shelvin Mack,22.0,3TM,PG,31.0,3.0,416.0,58.0,126.0,0.46,18.0,49.0,0.367,40.0,77.0,0.519,0.532,9.0,16.0,0.563,3.0,37.0,40.0,68.0,15.0,0.0,34.0,39.0,143.0,0.0,
2013,351.0,Shelvin Mack,22.0,WAS,PG,7.0,2.0,141.0,16.0,40.0,0.4,4.0,13.0,0.308,12.0,27.0,0.444,0.45,1.0,2.0,0.5,3.0,13.0,16.0,23.0,6.0,0.0,8.0,10.0,37.0,0.0,
2013,351.0,Shelvin Mack,22.0,PHI,SG,4.0,0.0,7.0,1.0,2.0,0.5,0.0,1.0,0.0,1.0,1.0,1.0,0.5,0.0,0.0,,0.0,0.0,0.0,1.0,0.0,0.0,2.0,1.0,2.0,0.0,
2013,351.0,Shelvin Mack,22.0,ATL,PG,20.0,1.0,268.0,41.0,84.0,0.488,14.0,35.0,0.4,27.0,49.0,0.551,0.571,8.0,14.0,0.571,0.0,24.0,24.0,44.0,9.0,0.0,24.0,28.0,104.0,0.0,
2013,352.0,Daequan Cook,25.0,2TM,SG,49.0,1.0,441.0,51.0,167.0,0.305,26.0,91.0,0.286,25.0,76.0,0.329,0.383,9.0,12.0,0.75,7.0,54.0,61.0,19.0,8.0,7.0,15.0,26.0,137.0,0.0,
2013,352.0,Daequan Cook,25.0,HOU,SG,16.0,1.0,165.0,21.0,59.0,0.356,11.0,30.0,0.367,10.0,29.0,0.345,0.449,2.0,3.0,0.667,5.0,13.0,18.0,10.0,6.0,2.0,6.0,13.0,55.0,0.0,
2013,352.0,Daequan Cook,25.0,CHI,SG,33.0,0.0,276.0,30.0,108.0,0.278,15.0,61.0,0.246,15.0,47.0,0.319,0.347,7.0,9.0,0.778,2.0,41.0,43.0,9.0,2.0,5.0,9.0,13.0,82.0,0.0,
2013,353.0,Joel Freeland,25.0,POR,PF,51.0,1.0,477.0,58.0,142.0,0.408,0.0,0.0,,58.0,142.0,0.408,0.408,18.0,27.0,0.667,40.0,79.0,119.0,13.0,13.0,11.0,19.0,67.0,134.0,0.0,
2013,354.0,Chris Duhon,30.0,LAL,PG,46.0,9.0,820.0,47.0,123.0,0.382,33.0,91.0,0.363,14.0,32.0,0.438,0.516,6.0,13.0,0.462,11.0,57.0,68.0,133.0,20.0,1.0,40.0,56.0,133.0,0.0,
2013,355.0,Bernard James,27.0,DAL,C,46.0,11.0,457.0,53.0,103.0,0.515,0.0,2.0,0.0,53.0,101.0,0.525,0.515,25.0,41.0,0.61,52.0,79.0,131.0,6.0,12.0,38.0,18.0,64.0,131.0,0.0,
2013,356.0,Kenyon Martin,35.0,NYK,C,18.0,11.0,431.0,56.0,93.0,0.602,0.0,0.0,,56.0,93.0,0.602,0.602,17.0,40.0,0.425,34.0,61.0,95.0,8.0,16.0,17.0,16.0,64.0,129.0,0.0,
2013,357.0,Cory Joseph,21.0,SAS,PG,28.0,9.0,388.0,51.0,110.0,0.464,6.0,21.0,0.286,45.0,89.0,0.506,0.491,18.0,21.0,0.857,12.0,40.0,52.0,53.0,15.0,4.0,21.0,25.0,126.0,0.0,
2013,358.0,Jan Veselý,22.0,WAS,PF,51.0,4.0,601.0,57.0,114.0,0.5,0.0,1.0,0.0,57.0,113.0,0.504,0.5,12.0,39.0,0.308,43.0,79.0,122.0,28.0,15.0,17.0,27.0,107.0,126.0,0.0,
2013,359.0,Tyrus Thomas,26.0,CHA,PF,26.0,2.0,360.0,48.0,136.0,0.353,3.0,8.0,0.375,45.0,128.0,0.352,0.364,26.0,31.0,0.839,16.0,44.0,60.0,19.0,14.0,15.0,17.0,51.0,125.0,0.0,
2013,360.0,James White,30.0,NYK,SF,57.0,16.0,435.0,50.0,116.0,0.431,14.0,41.0,0.341,36.0,75.0,0.48,0.491,11.0,19.0,0.579,5.0,43.0,48.0,29.0,13.0,4.0,17.0,44.0,125.0,0.0,
2013,361.0,Kent Bazemore,23.0,GSW,SG,61.0,0.0,267.0,43.0,116.0,0.371,10.0,34.0,0.294,33.0,82.0,0.402,0.414,27.0,44.0,0.614,5.0,17.0,22.0,22.0,17.0,4.0,18.0,27.0,123.0,0.0,
2013,362.0,Ish Smith,24.0,2TM,PG,52.0,3.0,516.0,56.0,159.0,0.352,8.0,27.0,0.296,48.0,132.0,0.364,0.377,3.0,7.0,0.429,12.0,49.0,61.0,87.0,21.0,9.0,37.0,26.0,123.0,0.0,
2013,362.0,Ish Smith,24.0,ORL,PG,36.0,3.0,378.0,39.0,116.0,0.336,4.0,17.0,0.235,35.0,99.0,0.354,0.353,3.0,7.0,0.429,11.0,35.0,46.0,57.0,13.0,6.0,27.0,14.0,85.0,0.0,
2013,362.0,Ish Smith,24.0,MIL,PG,16.0,0.0,138.0,17.0,43.0,0.395,4.0,10.0,0.4,13.0,33.0,0.394,0.442,0.0,0.0,,1.0,14.0,15.0,30.0,8.0,3.0,10.0,12.0,38.0,0.0,
2013,363.0,Ronny Turiaf,30.0,LAC,C,65.0,0.0,701.0,49.0,97.0,0.505,0.0,0.0,,49.0,97.0,0.505,0.505,23.0,63.0,0.365,45.0,107.0,152.0,35.0,19.0,35.0,29.0,80.0,121.0,0.0,
2013,364.0,Kim English,24.0,DET,SG,41.0,0.0,407.0,42.0,112.0,0.375,14.0,50.0,0.28,28.0,62.0,0.452,0.438,21.0,29.0,0.724,8.0,29.0,37.0,26.0,16.0,3.0,19.0,46.0,119.0,0.0,
2013,365.0,Aaron Gray,28.0,TOR,C,42.0,16.0,513.0,48.0,90.0,0.533,0.0,0.0,,48.0,90.0,0.533,0.533,23.0,44.0,0.523,48.0,85.0,133.0,33.0,7.0,5.0,36.0,85.0,119.0,0.0,
2013,366.0,Darius Miller,22.0,NOH,SF,52.0,2.0,694.0,44.0,108.0,0.407,22.0,56.0,0.393,22.0,52.0,0.423,0.509,8.0,8.0,1.0,8.0,70.0,78.0,44.0,17.0,12.0,23.0,89.0,118.0,0.0,
2013,367.0,Chris Johnson,27.0,MIN,C,30.0,0.0,284.0,48.0,75.0,0.64,0.0,0.0,,48.0,75.0,0.64,0.64,21.0,34.0,0.618,20.0,40.0,60.0,8.0,7.0,28.0,13.0,49.0,117.0,0.0,
2013,368.0,Quincy Acy,22.0,TOR,PF,29.0,0.0,342.0,42.0,75.0,0.56,1.0,2.0,0.5,41.0,73.0,0.562,0.567,31.0,38.0,0.816,30.0,47.0,77.0,11.0,13.0,15.0,17.0,53.0,116.0,0.0,
2013,369.0,Dominique Jones,24.0,DAL,PG,29.0,3.0,338.0,40.0,109.0,0.367,1.0,9.0,0.111,39.0,100.0,0.39,0.372,35.0,53.0,0.66,18.0,27.0,45.0,83.0,14.0,2.0,38.0,29.0,116.0,0.0,
2013,370.0,Charles Jenkins,23.0,2TM,SG,59.0,1.0,441.0,49.0,121.0,0.405,1.0,2.0,0.5,48.0,119.0,0.403,0.409,12.0,22.0,0.545,8.0,24.0,32.0,44.0,15.0,2.0,21.0,22.0,111.0,0.0,
2013,370.0,Charles Jenkins,23.0,GSW,SG,47.0,0.0,291.0,35.0,83.0,0.422,1.0,2.0,0.5,34.0,81.0,0.42,0.428,10.0,18.0,0.556,5.0,16.0,21.0,28.0,9.0,1.0,19.0,18.0,81.0,0.0,
2013,370.0,Charles Jenkins,23.0,PHI,PG,12.0,1.0,150.0,14.0,38.0,0.368,0.0,0.0,,14.0,38.0,0.368,0.368,2.0,4.0,0.5,3.0,8.0,11.0,16.0,6.0,1.0,2.0,4.0,30.0,0.0,
2013,371.0,Nolan Smith,24.0,POR,PG,40.0,0.0,288.0,42.0,114.0,0.368,6.0,28.0,0.214,36.0,86.0,0.419,0.395,20.0,28.0,0.714,7.0,20.0,27.0,35.0,7.0,1.0,29.0,26.0,110.0,0.0,
2013,372.0,Terrence Williams,25.0,BOS,SF,24.0,0.0,318.0,48.0,97.0,0.495,5.0,15.0,0.333,43.0,82.0,0.524,0.521,9.0,21.0,0.429,4.0,40.0,44.0,38.0,11.0,2.0,22.0,13.0,110.0,0.0,
2013,373.0,Timofey Mozgov,26.0,DEN,C,41.0,1.0,366.0,44.0,87.0,0.506,0.0,2.0,0.0,44.0,85.0,0.518,0.506,20.0,26.0,0.769,50.0,57.0,107.0,9.0,6.0,18.0,25.0,57.0,108.0,0.0,
2013,374.0,Johan Petro,27.0,ATL,C,31.0,8.0,352.0,48.0,110.0,0.436,1.0,4.0,0.25,47.0,106.0,0.443,0.441,11.0,12.0,0.917,33.0,79.0,112.0,16.0,10.0,9.0,24.0,48.0,108.0,0.0,
2013,375.0,Ronnie Price,29.0,POR,PG,39.0,0.0,510.0,39.0,120.0,0.325,10.0,39.0,0.256,29.0,81.0,0.358,0.367,17.0,24.0,0.708,13.0,31.0,44.0,73.0,26.0,3.0,34.0,61.0,105.0,0.0,
2013,376.0,Terrence Jones,21.0,HOU,PF,19.0,0.0,276.0,43.0,94.0,0.457,5.0,19.0,0.263,38.0,75.0,0.507,0.484,13.0,17.0,0.765,28.0,37.0,65.0,15.0,12.0,19.0,13.0,21.0,104.0,0.0,
2013,377.0,Sasha Pavlović,29.0,POR,SG,39.0,1.0,528.0,42.0,119.0,0.353,18.0,60.0,0.3,24.0,59.0,0.407,0.429,1.0,6.0,0.167,7.0,49.0,56.0,32.0,24.0,5.0,14.0,59.0,103.0,0.0,
2013,378.0,Mickaël Piétrus,30.0,TOR,SF,19.0,16.0,386.0,34.0,98.0,0.347,20.0,64.0,0.313,14.0,34.0,0.412,0.449,12.0,18.0,0.667,5.0,31.0,36.0,9.0,12.0,6.0,16.0,33.0,100.0,0.0,
2013,379.0,Cole Aldrich,24.0,2TM,C,45.0,0.0,388.0,44.0,80.0,0.55,0.0,0.0,,44.0,80.0,0.55,0.55,12.0,20.0,0.6,30.0,90.0,120.0,9.0,5.0,23.0,23.0,60.0,100.0,0.0,
2013,379.0,Cole Aldrich,24.0,HOU,C,30.0,0.0,213.0,23.0,43.0,0.535,0.0,0.0,,23.0,43.0,0.535,0.535,4.0,9.0,0.444,12.0,45.0,57.0,6.0,3.0,9.0,14.0,41.0,50.0,0.0,
2013,379.0,Cole Aldrich,24.0,SAC,C,15.0,0.0,175.0,21.0,37.0,0.568,0.0,0.0,,21.0,37.0,0.568,0.568,8.0,11.0,0.727,18.0,45.0,63.0,3.0,2.0,14.0,9.0,19.0,50.0,0.0,
2013,380.0,Marquis Teague,19.0,CHI,PG,48.0,0.0,392.0,43.0,113.0,0.381,4.0,23.0,0.174,39.0,90.0,0.433,0.398,9.0,16.0,0.563,3.0,41.0,44.0,63.0,9.0,7.0,35.0,47.0,99.0,0.0,
2013,381.0,Kurt Thomas,40.0,NYK,PF,39.0,17.0,392.0,45.0,83.0,0.542,1.0,1.0,1.0,44.0,82.0,0.537,0.548,6.0,13.0,0.462,24.0,65.0,89.0,21.0,10.0,16.0,8.0,52.0,97.0,0.0,
2013,382.0,Earl Watson,33.0,UTA,PG,48.0,4.0,829.0,37.0,120.0,0.308,5.0,28.0,0.179,32.0,92.0,0.348,0.329,17.0,25.0,0.68,23.0,64.0,87.0,190.0,40.0,8.0,69.0,94.0,96.0,0.0,
2013,383.0,Kevin Jones,23.0,CLE,PF,32.0,0.0,334.0,43.0,107.0,0.402,0.0,0.0,,43.0,107.0,0.402,0.402,9.0,15.0,0.6,38.0,40.0,78.0,10.0,9.0,5.0,8.0,25.0,95.0,0.0,
2013,384.0,Corey Maggette,33.0,DET,SF,18.0,0.0,257.0,27.0,76.0,0.355,5.0,21.0,0.238,22.0,55.0,0.4,0.388,36.0,48.0,0.75,5.0,20.0,25.0,19.0,6.0,2.0,17.0,42.0,95.0,0.0,
2013,385.0,Grant Hill,40.0,LAC,SF,29.0,0.0,437.0,38.0,98.0,0.388,3.0,11.0,0.273,35.0,87.0,0.402,0.403,14.0,24.0,0.583,6.0,43.0,49.0,26.0,11.0,7.0,25.0,39.0,93.0,0.0,
2013,386.0,Tony Wroten,19.0,MEM,SG,35.0,0.0,272.0,33.0,86.0,0.384,4.0,16.0,0.25,29.0,70.0,0.414,0.407,21.0,29.0,0.724,13.0,15.0,28.0,43.0,8.0,4.0,29.0,34.0,91.0,0.0,
2013,387.0,Perry Jones,21.0,OKC,SF,38.0,1.0,280.0,39.0,99.0,0.394,0.0,2.0,0.0,39.0,97.0,0.402,0.394,10.0,15.0,0.667,12.0,50.0,62.0,10.0,5.0,6.0,15.0,23.0,88.0,0.0,
2013,388.0,Joel Anthony,30.0,MIA,C,62.0,3.0,566.0,35.0,68.0,0.515,0.0,0.0,,35.0,68.0,0.515,0.515,17.0,28.0,0.607,45.0,70.0,115.0,13.0,13.0,42.0,22.0,49.0,87.0,0.0,
2013,389.0,Tyshawn Taylor,22.0,BRK,PG,38.0,0.0,221.0,32.0,87.0,0.368,6.0,13.0,0.462,26.0,74.0,0.351,0.402,15.0,27.0,0.556,2.0,16.0,18.0,21.0,13.0,0.0,25.0,25.0,85.0,0.0,
2013,390.0,Hamed Haddadi,27.0,2TM,C,30.0,0.0,322.0,35.0,82.0,0.427,0.0,0.0,,35.0,82.0,0.427,0.427,14.0,27.0,0.519,43.0,68.0,111.0,12.0,6.0,27.0,31.0,60.0,84.0,0.0,
2013,390.0,Hamed Haddadi,27.0,MEM,C,13.0,0.0,87.0,7.0,21.0,0.333,0.0,0.0,,7.0,21.0,0.333,0.333,1.0,2.0,0.5,10.0,14.0,24.0,4.0,1.0,6.0,4.0,15.0,15.0,0.0,
2013,390.0,Hamed Haddadi,27.0,PHO,C,17.0,0.0,235.0,28.0,61.0,0.459,0.0,0.0,,28.0,61.0,0.459,0.459,13.0,25.0,0.52,33.0,54.0,87.0,8.0,5.0,21.0,27.0,45.0,69.0,0.0,
2013,391.0,Donald Sloan,25.0,2TM,SG,23.0,0.0,263.0,27.0,78.0,0.346,7.0,19.0,0.368,20.0,59.0,0.339,0.391,20.0,25.0,0.8,3.0,25.0,28.0,38.0,5.0,0.0,14.0,17.0,81.0,0.0,
2013,391.0,Donald Sloan,25.0,CLE,SG,20.0,0.0,257.0,27.0,78.0,0.346,7.0,19.0,0.368,20.0,59.0,0.339,0.391,20.0,25.0,0.8,3.0,25.0,28.0,37.0,5.0,0.0,13.0,17.0,81.0,0.0,
2013,391.0,Donald Sloan,25.0,NOH,PG,3.0,0.0,6.0,0.0,0.0,,0.0,0.0,,0.0,0.0,,,0.0,0.0,,0.0,0.0,0.0,1.0,0.0,0.0,1.0,0.0,0.0,0.0,
2013,392.0,Malcolm Lee,22.0,MIN,SG,16.0,12.0,289.0,29.0,76.0,0.382,8.0,24.0,0.333,21.0,52.0,0.404,0.434,12.0,20.0,0.6,15.0,24.0,39.0,20.0,12.0,6.0,10.0,30.0,78.0,0.0,
2013,393.0,Viacheslav Kravtsov,25.0,DET,C,25.0,0.0,224.0,33.0,46.0,0.717,0.0,0.0,,33.0,46.0,0.717,0.717,11.0,37.0,0.297,24.0,21.0,45.0,9.0,5.0,9.0,14.0,32.0,77.0,0.0,
2013,394.0,Maalik Wayns,21.0,2TM,PG,27.0,1.0,202.0,26.0,88.0,0.295,7.0,31.0,0.226,19.0,57.0,0.333,0.335,17.0,19.0,0.895,1.0,6.0,7.0,27.0,6.0,0.0,15.0,26.0,76.0,0.0,
2013,394.0,Maalik Wayns,21.0,PHI,PG,21.0,1.0,165.0,19.0,72.0,0.264,5.0,25.0,0.2,14.0,47.0,0.298,0.299,13.0,15.0,0.867,1.0,4.0,5.0,20.0,3.0,0.0,13.0,18.0,56.0,0.0,
2013,394.0,Maalik Wayns,21.0,LAC,PG,6.0,0.0,37.0,7.0,16.0,0.438,2.0,6.0,0.333,5.0,10.0,0.5,0.5,4.0,4.0,1.0,0.0,2.0,2.0,7.0,3.0,0.0,2.0,8.0,20.0,0.0,
2013,395.0,Lou Amundson,30.0,3TM,PF,39.0,0.0,372.0,32.0,81.0,0.395,0.0,0.0,,32.0,81.0,0.395,0.395,12.0,36.0,0.333,48.0,58.0,106.0,11.0,16.0,12.0,19.0,53.0,76.0,0.0,
2013,395.0,Lou Amundson,30.0,MIN,PF,20.0,0.0,161.0,14.0,38.0,0.368,0.0,0.0,,14.0,38.0,0.368,0.368,4.0,20.0,0.2,23.0,24.0,47.0,3.0,7.0,6.0,11.0,26.0,32.0,0.0,
2013,395.0,Lou Amundson,30.0,CHI,PF,1.0,0.0,2.0,0.0,1.0,0.0,0.0,0.0,,0.0,1.0,0.0,0.0,0.0,0.0,,1.0,0.0,1.0,0.0,0.0,0.0,0.0,0.0,0.0,0.0,
2013,395.0,Lou Amundson,30.0,NOH,PF,18.0,0.0,209.0,18.0,42.0,0.429,0.0,0.0,,18.0,42.0,0.429,0.429,8.0,16.0,0.5,24.0,34.0,58.0,8.0,9.0,6.0,8.0,27.0,44.0,0.0,
2013,396.0,Jeremy Evans,25.0,UTA,PF,37.0,0.0,215.0,27.0,44.0,0.614,0.0,1.0,0.0,27.0,43.0,0.628,0.614,21.0,33.0,0.636,26.0,32.0,58.0,11.0,8.0,13.0,8.0,30.0,75.0,0.0,
2013,397.0,Josh Howard,32.0,MIN,SF,11.0,4.0,207.0,31.0,77.0,0.403,5.0,16.0,0.313,26.0,61.0,0.426,0.435,7.0,12.0,0.583,9.0,27.0,36.0,4.0,10.0,3.0,10.0,18.0,74.0,0.0,
2013,398.0,Jeremy Lamb,20.0,OKC,SF,23.0,0.0,147.0,24.0,68.0,0.353,9.0,30.0,0.3,15.0,38.0,0.395,0.419,14.0,14.0,1.0,5.0,13.0,18.0,5.0,2.0,2.0,6.0,13.0,71.0,0.0,
2013,399.0,Shavlik Randolph,29.0,BOS,PF,16.0,0.0,198.0,28.0,48.0,0.583,0.0,0.0,,28.0,48.0,0.583,0.583,11.0,27.0,0.407,28.0,42.0,70.0,4.0,8.0,7.0,10.0,38.0,67.0,0.0,
2013,400.0,Devin Ebanks,23.0,LAL,SF,19.0,3.0,197.0,24.0,73.0,0.329,6.0,22.0,0.273,18.0,51.0,0.353,0.37,11.0,14.0,0.786,10.0,31.0,41.0,10.0,3.0,1.0,11.0,23.0,65.0,0.0,
2013,401.0,Troy Murphy,32.0,DAL,PF,14.0,1.0,256.0,22.0,61.0,0.361,11.0,35.0,0.314,11.0,26.0,0.423,0.451,10.0,11.0,0.909,7.0,42.0,49.0,7.0,10.0,6.0,7.0,29.0,65.0,0.0,
2013,402.0,James Jones,32.0,MIA,SF,38.0,0.0,221.0,21.0,61.0,0.344,16.0,53.0,0.302,5.0,8.0,0.625,0.475,2.0,4.0,0.5,0.0,22.0,22.0,13.0,2.0,6.0,3.0,16.0,60.0,0.0,
2013,403.0,DeAndre Liggins,24.0,OKC,SG,39.0,1.0,290.0,21.0,47.0,0.447,7.0,19.0,0.368,14.0,28.0,0.5,0.521,9.0,18.0,0.5,13.0,40.0,53.0,15.0,18.0,3.0,14.0,33.0,58.0,0.0,
2013,404.0,Samardo Samuels,24.0,CLE,C,18.0,1.0,196.0,22.0,60.0,0.367,0.0,1.0,0.0,22.0,59.0,0.373,0.367,14.0,24.0,0.583,10.0,18.0,28.0,8.0,3.0,3.0,6.0,30.0,58.0,0.0,
2013,405.0,Ben Hansbrough,25.0,IND,PG,28.0,0.0,200.0,15.0,45.0,0.333,6.0,23.0,0.261,9.0,22.0,0.409,0.4,21.0,27.0,0.778,2.0,16.0,18.0,21.0,7.0,2.0,18.0,23.0,57.0,0.0,
2013,406.0,Jon Leuer,23.0,2TM,C,28.0,0.0,187.0,25.0,52.0,0.481,0.0,3.0,0.0,25.0,49.0,0.51,0.481,6.0,13.0,0.462,13.0,24.0,37.0,8.0,6.0,0.0,8.0,21.0,56.0,0.0,
2013,406.0,Jon Leuer,23.0,CLE,C,9.0,0.0,91.0,10.0,28.0,0.357,0.0,3.0,0.0,10.0,25.0,0.4,0.357,2.0,6.0,0.333,5.0,8.0,13.0,5.0,2.0,0.0,5.0,11.0,22.0,0.0,
2013,406.0,Jon Leuer,23.0,MEM,PF,19.0,0.0,96.0,15.0,24.0,0.625,0.0,0.0,,15.0,24.0,0.625,0.625,4.0,7.0,0.571,8.0,16.0,24.0,3.0,4.0,0.0,3.0,10.0,34.0,0.0,
2013,407.0,Drew Gooden,31.0,MIL,C,16.0,0.0,151.0,20.0,61.0,0.328,1.0,5.0,0.2,19.0,56.0,0.339,0.336,11.0,16.0,0.688,13.0,18.0,31.0,6.0,5.0,6.0,9.0,21.0,52.0,0.0,
2013,408.0,Al Harrington,32.0,ORL,C,10.0,0.0,119.0,20.0,57.0,0.351,8.0,30.0,0.267,12.0,27.0,0.444,0.421,3.0,4.0,0.75,6.0,21.0,27.0,10.0,4.0,1.0,7.0,18.0,51.0,0.0,
2013,409.0,Dominic McGuire,27.0,3TM,SF,26.0,10.0,387.0,24.0,56.0,0.429,0.0,0.0,,24.0,56.0,0.429,0.429,3.0,10.0,0.3,19.0,59.0,78.0,20.0,13.0,11.0,12.0,39.0,51.0,0.0,
2013,409.0,Dominic McGuire,27.0,TOR,SF,15.0,9.0,230.0,15.0,32.0,0.469,0.0,0.0,,15.0,32.0,0.469,0.469,2.0,6.0,0.333,11.0,37.0,48.0,10.0,5.0,8.0,7.0,26.0,32.0,0.0,
2013,409.0,Dominic McGuire,27.0,NOH,SF,9.0,0.0,145.0,9.0,21.0,0.429,0.0,0.0,,9.0,21.0,0.429,0.429,1.0,2.0,0.5,7.0,21.0,28.0,9.0,8.0,3.0,5.0,13.0,19.0,0.0,
2013,409.0,Dominic McGuire,27.0,IND,SF,2.0,1.0,12.0,0.0,3.0,0.0,0.0,0.0,,0.0,3.0,0.0,0.0,0.0,2.0,0.0,1.0,1.0,2.0,1.0,0.0,0.0,0.0,0.0,0.0,0.0,
2013,410.0,Jared Jeffries,31.0,POR,PF,38.0,0.0,350.0,16.0,54.0,0.296,0.0,2.0,0.0,16.0,52.0,0.308,0.296,12.0,23.0,0.522,26.0,34.0,60.0,14.0,6.0,6.0,17.0,58.0,44.0,0.0,
2013,411.0,Aron Baynes,26.0,SAS,C,16.0,0.0,141.0,18.0,36.0,0.5,0.0,1.0,0.0,18.0,35.0,0.514,0.5,7.0,12.0,0.583,12.0,20.0,32.0,5.0,1.0,6.0,11.0,23.0,43.0,0.0,
2013,412.0,Robert Sacre,23.0,LAL,C,32.0,3.0,203.0,18.0,48.0,0.375,0.0,0.0,,18.0,48.0,0.375,0.375,7.0,11.0,0.636,9.0,25.0,34.0,6.0,0.0,10.0,10.0,38.0,43.0,0.0,
2013,413.0,Marcus Camby,38.0,NYK,PF,24.0,4.0,250.0,17.0,53.0,0.321,0.0,0.0,,17.0,53.0,0.321,0.321,8.0,19.0,0.421,24.0,56.0,80.0,14.0,7.0,14.0,15.0,28.0,42.0,0.0,
2013,414.0,Justin Holiday,23.0,PHI,SG,9.0,0.0,142.0,16.0,48.0,0.333,4.0,16.0,0.25,12.0,32.0,0.375,0.375,6.0,8.0,0.75,0.0,14.0,14.0,15.0,3.0,6.0,9.0,7.0,42.0,0.0,
2013,415.0,Kwame Brown,30.0,PHI,C,22.0,11.0,269.0,17.0,37.0,0.459,0.0,0.0,,17.0,37.0,0.459,0.459,7.0,19.0,0.368,23.0,51.0,74.0,9.0,6.0,10.0,8.0,37.0,41.0,0.0,
2013,416.0,Jason Collins,34.0,2TM,C,38.0,9.0,384.0,9.0,29.0,0.31,0.0,0.0,,9.0,29.0,0.31,0.31,23.0,32.0,0.719,22.0,38.0,60.0,8.0,12.0,10.0,18.0,85.0,41.0,0.0,
2013,416.0,Jason Collins,34.0,BOS,C,32.0,7.0,330.0,8.0,23.0,0.348,0.0,0.0,,8.0,23.0,0.348,0.348,21.0,30.0,0.7,21.0,31.0,52.0,6.0,10.0,6.0,16.0,74.0,37.0,0.0,
2013,416.0,Jason Collins,34.0,WAS,C,6.0,2.0,54.0,1.0,6.0,0.167,0.0,0.0,,1.0,6.0,0.167,0.167,2.0,2.0,1.0,1.0,7.0,8.0,2.0,2.0,4.0,2.0,11.0,4.0,0.0,
2013,417.0,Diante Garrett,24.0,PHO,PG,19.0,0.0,149.0,16.0,49.0,0.327,3.0,15.0,0.2,13.0,34.0,0.382,0.357,5.0,10.0,0.5,5.0,10.0,15.0,31.0,10.0,0.0,16.0,5.0,40.0,0.0,
2013,418.0,Earl Barron,31.0,2TM,C,12.0,2.0,159.0,18.0,51.0,0.353,0.0,0.0,,18.0,51.0,0.353,0.353,3.0,7.0,0.429,22.0,39.0,61.0,5.0,5.0,6.0,11.0,24.0,39.0,0.0,
2013,418.0,Earl Barron,31.0,WAS,C,11.0,1.0,122.0,13.0,37.0,0.351,0.0,0.0,,13.0,37.0,0.351,0.351,2.0,5.0,0.4,16.0,27.0,43.0,3.0,5.0,5.0,10.0,23.0,28.0,0.0,
2013,418.0,Earl Barron,31.0,NYK,C,1.0,1.0,37.0,5.0,14.0,0.357,0.0,0.0,,5.0,14.0,0.357,0.357,1.0,2.0,0.5,6.0,12.0,18.0,2.0,0.0,1.0,1.0,1.0,11.0,0.0,
2013,419.0,Daniel Orton,22.0,OKC,C,13.0,0.0,104.0,12.0,26.0,0.462,0.0,0.0,,12.0,26.0,0.462,0.462,9.0,17.0,0.529,13.0,13.0,26.0,4.0,4.0,3.0,4.0,13.0,33.0,0.0,
2013,420.0,Vladimir Radmanović,32.0,CHI,PF,25.0,0.0,144.0,13.0,43.0,0.302,5.0,27.0,0.185,8.0,16.0,0.5,0.36,2.0,3.0,0.667,10.0,18.0,28.0,8.0,8.0,4.0,7.0,29.0,33.0,0.0,
2013,421.0,Hedo Türkoğlu,33.0,ORL,SF,11.0,1.0,189.0,14.0,53.0,0.264,1.0,24.0,0.042,13.0,29.0,0.448,0.274,3.0,6.0,0.5,4.0,22.0,26.0,23.0,7.0,1.0,12.0,11.0,32.0,0.0,
2013,422.0,Keyon Dooling,32.0,MEM,PG,7.0,0.0,82.0,10.0,21.0,0.476,5.0,12.0,0.417,5.0,9.0,0.556,0.595,6.0,7.0,0.857,0.0,1.0,1.0,8.0,1.0,0.0,5.0,8.0,31.0,0.0,
2013,423.0,Tornike Shengelia,21.0,BRK,SF,19.0,0.0,93.0,10.0,23.0,0.435,1.0,2.0,0.5,9.0,21.0,0.429,0.457,9.0,16.0,0.563,9.0,14.0,23.0,3.0,3.0,1.0,11.0,11.0,30.0,0.0,
2013,424.0,Chris Johnson,22.0,MEM,SF,8.0,0.0,102.0,11.0,25.0,0.44,6.0,18.0,0.333,5.0,7.0,0.714,0.56,1.0,2.0,0.5,5.0,6.0,11.0,2.0,4.0,0.0,3.0,5.0,29.0,0.0,
2013,425.0,Brandon Roy,28.0,MIN,SG,5.0,5.0,122.0,11.0,35.0,0.314,0.0,9.0,0.0,11.0,26.0,0.423,0.314,7.0,10.0,0.7,3.0,11.0,14.0,23.0,3.0,0.0,7.0,5.0,29.0,0.0,
2013,426.0,D.J. White,26.0,BOS,PF,12.0,0.0,86.0,12.0,23.0,0.522,0.0,0.0,,12.0,23.0,0.522,0.522,5.0,9.0,0.556,4.0,9.0,13.0,4.0,1.0,6.0,2.0,5.0,29.0,0.0,
2013,427.0,Danny Granger,29.0,IND,SF,5.0,0.0,74.0,10.0,35.0,0.286,2.0,10.0,0.2,8.0,25.0,0.32,0.314,5.0,8.0,0.625,3.0,6.0,9.0,3.0,2.0,1.0,4.0,6.0,27.0,0.0,
2013,428.0,Andris Biedriņš,26.0,GSW,C,53.0,9.0,495.0,10.0,21.0,0.476,0.0,0.0,,10.0,21.0,0.476,0.476,4.0,13.0,0.308,34.0,119.0,153.0,14.0,15.0,42.0,14.0,101.0,24.0,0.0,
2013,429.0,Jeremy Tyler,21.0,2TM,C,21.0,0.0,68.0,9.0,24.0,0.375,0.0,0.0,,9.0,24.0,0.375,0.375,4.0,6.0,0.667,6.0,14.0,20.0,1.0,1.0,2.0,6.0,10.0,22.0,0.0,
2013,429.0,Jeremy Tyler,21.0,GSW,C,20.0,0.0,63.0,9.0,24.0,0.375,0.0,0.0,,9.0,24.0,0.375,0.375,4.0,6.0,0.667,6.0,11.0,17.0,1.0,1.0,2.0,6.0,10.0,22.0,0.0,
2013,429.0,Jeremy Tyler,21.0,ATL,C,1.0,0.0,5.0,0.0,0.0,,0.0,0.0,,0.0,0.0,,,0.0,0.0,,0.0,3.0,3.0,0.0,0.0,0.0,0.0,0.0,0.0,0.0,
2013,430.0,Juwan Howard,39.0,MIA,PF,7.0,2.0,51.0,10.0,19.0,0.526,0.0,0.0,,10.0,19.0,0.526,0.526,1.0,1.0,1.0,0.0,8.0,8.0,6.0,0.0,0.0,4.0,9.0,21.0,0.0,
2013,431.0,Josh Selby,21.0,MEM,PG,10.0,0.0,59.0,6.0,22.0,0.273,1.0,6.0,0.167,5.0,16.0,0.313,0.295,7.0,11.0,0.636,0.0,5.0,5.0,4.0,2.0,0.0,7.0,7.0,20.0,0.0,
2013,432.0,Luke Zeller,25.0,PHO,C,16.0,0.0,58.0,9.0,26.0,0.346,1.0,5.0,0.2,8.0,21.0,0.381,0.365,0.0,0.0,,1.0,9.0,10.0,3.0,0.0,0.0,0.0,5.0,19.0,0.0,
2013,433.0,Chris Douglas-Roberts,26.0,DAL,SG,6.0,0.0,63.0,5.0,14.0,0.357,0.0,4.0,0.0,5.0,10.0,0.5,0.357,7.0,10.0,0.7,0.0,5.0,5.0,4.0,2.0,0.0,1.0,4.0,17.0,0.0,
2013,434.0,Jared Cunningham,21.0,DAL,SG,8.0,0.0,26.0,6.0,14.0,0.429,2.0,3.0,0.667,4.0,11.0,0.364,0.5,2.0,2.0,1.0,1.0,2.0,3.0,1.0,1.0,0.0,2.0,3.0,16.0,0.0,
2013,435.0,DeSagana Diop,31.0,CHA,C,22.0,1.0,226.0,8.0,27.0,0.296,0.0,1.0,0.0,8.0,26.0,0.308,0.296,0.0,1.0,0.0,10.0,41.0,51.0,13.0,5.0,16.0,8.0,19.0,16.0,0.0,
2013,436.0,Kevin Murphy,22.0,UTA,SG,17.0,0.0,52.0,7.0,28.0,0.25,1.0,5.0,0.2,6.0,23.0,0.261,0.268,0.0,0.0,,0.0,4.0,4.0,2.0,1.0,0.0,3.0,4.0,15.0,0.0,
2013,437.0,Malcolm Thomas,24.0,2TM,PF,12.0,0.0,57.0,5.0,10.0,0.5,0.0,0.0,,5.0,10.0,0.5,0.5,5.0,8.0,0.625,5.0,11.0,16.0,4.0,2.0,2.0,3.0,8.0,15.0,0.0,
2013,437.0,Malcolm Thomas,24.0,GSW,PF,5.0,0.0,21.0,0.0,1.0,0.0,0.0,0.0,,0.0,1.0,0.0,0.0,3.0,4.0,0.75,0.0,5.0,5.0,2.0,0.0,1.0,1.0,1.0,3.0,0.0,
2013,437.0,Malcolm Thomas,24.0,CHI,PF,7.0,0.0,36.0,5.0,9.0,0.556,0.0,0.0,,5.0,9.0,0.556,0.556,2.0,4.0,0.5,5.0,6.0,11.0,2.0,2.0,1.0,2.0,7.0,12.0,0.0,
2013,438.0,Terrel Harris,25.0,2TM,SG,20.0,0.0,137.0,4.0,27.0,0.148,0.0,8.0,0.0,4.0,19.0,0.211,0.148,7.0,10.0,0.7,4.0,22.0,26.0,9.0,2.0,3.0,17.0,17.0,15.0,0.0,
2013,438.0,Terrel Harris,25.0,MIA,SG,7.0,0.0,29.0,2.0,8.0,0.25,0.0,1.0,0.0,2.0,7.0,0.286,0.25,6.0,8.0,0.75,4.0,5.0,9.0,2.0,0.0,0.0,4.0,3.0,10.0,0.0,
2013,438.0,Terrel Harris,25.0,NOH,SG,13.0,0.0,108.0,2.0,19.0,0.105,0.0,7.0,0.0,2.0,12.0,0.167,0.105,1.0,2.0,0.5,0.0,17.0,17.0,7.0,2.0,3.0,13.0,14.0,5.0,0.0,
2013,439.0,Josh Childress,29.0,BRK,SF,14.0,0.0,100.0,6.0,21.0,0.286,1.0,3.0,0.333,5.0,18.0,0.278,0.31,1.0,2.0,0.5,6.0,9.0,15.0,5.0,2.0,2.0,0.0,3.0,14.0,0.0,
2013,440.0,Cory Higgins,23.0,CHA,SG,6.0,0.0,32.0,6.0,19.0,0.316,1.0,5.0,0.2,5.0,14.0,0.357,0.342,1.0,2.0,0.5,1.0,2.0,3.0,5.0,3.0,0.0,0.0,5.0,14.0,0.0,
2013,441.0,Brandon Rush,27.0,GSW,SF,2.0,0.0,25.0,6.0,9.0,0.667,0.0,2.0,0.0,6.0,7.0,0.857,0.667,2.0,3.0,0.667,0.0,1.0,1.0,2.0,0.0,0.0,3.0,5.0,14.0,0.0,
2013,442.0,Miles Plumlee,24.0,IND,C,14.0,0.0,55.0,5.0,21.0,0.238,0.0,0.0,,5.0,21.0,0.238,0.238,3.0,4.0,0.75,12.0,10.0,22.0,2.0,0.0,3.0,3.0,5.0,13.0,0.0,
2013,443.0,Josh Harrellson,23.0,MIA,C,6.0,0.0,31.0,4.0,9.0,0.444,1.0,5.0,0.2,3.0,4.0,0.75,0.5,1.0,2.0,0.5,3.0,4.0,7.0,0.0,1.0,1.0,3.0,4.0,10.0,0.0,
2013,444.0,Lazar Hayward,26.0,MIN,SF,4.0,0.0,31.0,2.0,10.0,0.2,0.0,4.0,0.0,2.0,6.0,0.333,0.2,6.0,6.0,1.0,0.0,4.0,4.0,3.0,2.0,0.0,0.0,3.0,10.0,0.0,
2013,445.0,Chris Quinn,29.0,CLE,SG,7.0,0.0,78.0,4.0,16.0,0.25,0.0,5.0,0.0,4.0,11.0,0.364,0.25,2.0,2.0,1.0,1.0,1.0,2.0,9.0,3.0,0.0,6.0,4.0,10.0,0.0,
2013,446.0,Eddy Curry,30.0,DAL,C,2.0,0.0,25.0,4.0,8.0,0.5,0.0,0.0,,4.0,8.0,0.5,0.5,1.0,4.0,0.25,2.0,2.0,4.0,0.0,0.0,0.0,3.0,7.0,9.0,0.0,
2013,447.0,Quincy Miller,20.0,DEN,PF,7.0,0.0,26.0,4.0,12.0,0.333,0.0,1.0,0.0,4.0,11.0,0.364,0.333,1.0,2.0,0.5,1.0,1.0,2.0,3.0,1.0,0.0,1.0,3.0,9.0,0.0,
2013,448.0,Kris Joseph,24.0,2TM,SF,10.0,0.0,54.0,2.0,14.0,0.143,0.0,3.0,0.0,2.0,11.0,0.182,0.143,5.0,8.0,0.625,1.0,6.0,7.0,1.0,3.0,0.0,2.0,3.0,9.0,0.0,
2013,448.0,Kris Joseph,24.0,BOS,SF,6.0,0.0,24.0,2.0,11.0,0.182,0.0,2.0,0.0,2.0,9.0,0.222,0.182,3.0,4.0,0.75,1.0,4.0,5.0,1.0,0.0,0.0,2.0,2.0,7.0,0.0,
2013,448.0,Kris Joseph,24.0,BRK,SF,4.0,0.0,30.0,0.0,3.0,0.0,0.0,1.0,0.0,0.0,2.0,0.0,0.0,2.0,4.0,0.5,0.0,2.0,2.0,0.0,3.0,0.0,0.0,1.0,2.0,0.0,
2013,449.0,Tyler Honeycutt,22.0,SAC,SF,9.0,0.0,32.0,3.0,11.0,0.273,0.0,2.0,0.0,3.0,9.0,0.333,0.273,2.0,2.0,1.0,3.0,7.0,10.0,2.0,0.0,1.0,5.0,2.0,8.0,0.0,
2013,450.0,Scott Machado,22.0,HOU,PG,6.0,0.0,21.0,3.0,6.0,0.5,0.0,1.0,0.0,3.0,5.0,0.6,0.5,2.0,2.0,1.0,0.0,1.0,1.0,6.0,2.0,0.0,8.0,0.0,8.0,0.0,
2013,451.0,Dexter Pittman,24.0,2TM,C,11.0,0.0,32.0,4.0,11.0,0.364,0.0,0.0,,4.0,11.0,0.364,0.364,0.0,3.0,0.0,7.0,5.0,12.0,0.0,0.0,0.0,3.0,8.0,8.0,0.0,
2013,451.0,Dexter Pittman,24.0,MIA,C,4.0,0.0,12.0,3.0,5.0,0.6,0.0,0.0,,3.0,5.0,0.6,0.6,0.0,0.0,,4.0,3.0,7.0,0.0,0.0,0.0,2.0,4.0,6.0,0.0,
2013,451.0,Dexter Pittman,24.0,MEM,C,7.0,0.0,20.0,1.0,6.0,0.167,0.0,0.0,,1.0,6.0,0.167,0.167,0.0,3.0,0.0,3.0,2.0,5.0,0.0,0.0,0.0,1.0,4.0,2.0,0.0,
2013,452.0,Jarvis Varnado,24.0,2TM,PF,13.0,0.0,58.0,3.0,7.0,0.429,0.0,0.0,,3.0,7.0,0.429,0.429,2.0,4.0,0.5,2.0,7.0,9.0,3.0,1.0,2.0,6.0,10.0,8.0,0.0,
2013,452.0,Jarvis Varnado,24.0,BOS,PF,5.0,0.0,18.0,2.0,4.0,0.5,0.0,0.0,,2.0,4.0,0.5,0.5,2.0,4.0,0.5,1.0,2.0,3.0,1.0,1.0,0.0,1.0,1.0,6.0,0.0,
2013,452.0,Jarvis Varnado,24.0,MIA,PF,8.0,0.0,40.0,1.0,3.0,0.333,0.0,0.0,,1.0,3.0,0.333,0.333,0.0,0.0,,1.0,5.0,6.0,2.0,0.0,2.0,5.0,9.0,2.0,0.0,
2013,453.0,Fab Melo,22.0,BOS,C,6.0,0.0,36.0,3.0,6.0,0.5,0.0,0.0,,3.0,6.0,0.5,0.5,1.0,4.0,0.25,0.0,3.0,3.0,0.0,2.0,2.0,1.0,7.0,7.0,0.0,
2013,454.0,Julyan Stone,24.0,DEN,PG,4.0,0.0,28.0,2.0,2.0,1.0,0.0,0.0,,2.0,2.0,1.0,1.0,3.0,4.0,0.75,2.0,1.0,3.0,2.0,1.0,0.0,2.0,4.0,7.0,0.0,
2013,455.0,Josh Akognon,26.0,DAL,PG,3.0,0.0,9.0,2.0,4.0,0.5,1.0,2.0,0.5,1.0,2.0,0.5,0.625,0.0,0.0,,0.0,1.0,1.0,1.0,0.0,0.0,0.0,3.0,5.0,0.0,
2013,456.0,Quentin Richardson,32.0,NYK,SF,1.0,0.0,29.0,1.0,11.0,0.091,1.0,4.0,0.25,0.0,7.0,0.0,0.136,2.0,2.0,1.0,5.0,5.0,10.0,1.0,0.0,0.0,2.0,1.0,5.0,0.0,
2013,457.0,Henry Sims,22.0,NOH,C,2.0,0.0,5.0,2.0,3.0,0.667,0.0,0.0,,2.0,3.0,0.667,0.667,0.0,0.0,,2.0,0.0,2.0,0.0,0.0,0.0,1.0,1.0,4.0,0.0,
2013,458.0,Tim Ohlbrecht,24.0,HOU,C,3.0,0.0,12.0,1.0,3.0,0.333,0.0,0.0,,1.0,3.0,0.333,0.333,1.0,1.0,1.0,0.0,1.0,1.0,1.0,1.0,0.0,4.0,1.0,3.0,0.0,
2013,459.0,Joel Przybilla,33.0,MIL,C,12.0,1.0,68.0,1.0,4.0,0.25,0.0,0.0,,1.0,4.0,0.25,0.25,0.0,2.0,0.0,5.0,16.0,21.0,4.0,1.0,2.0,4.0,10.0,2.0,0.0,
2013,460.0,DaJuan Summers,25.0,LAC,PF,2.0,0.0,7.0,1.0,4.0,0.25,0.0,0.0,,1.0,4.0,0.25,0.25,0.0,0.0,,0.0,2.0,2.0,1.0,0.0,0.0,0.0,0.0,2.0,0.0,
2013,461.0,Chris Wright,23.0,DAL,SG,3.0,0.0,4.0,1.0,2.0,0.5,0.0,0.0,,1.0,2.0,0.5,0.5,0.0,0.0,,0.0,0.0,0.0,0.0,0.0,0.0,1.0,0.0,2.0,0.0,
2013,462.0,Will Conroy,30.0,MIN,PG,4.0,0.0,20.0,0.0,9.0,0.0,0.0,3.0,0.0,0.0,6.0,0.0,0.0,1.0,2.0,0.5,1.0,0.0,1.0,0.0,0.0,0.0,0.0,1.0,1.0,0.0,
2013,463.0,Matt Carroll,32.0,CHA,SG,1.0,0.0,6.0,0.0,0.0,,0.0,0.0,,0.0,0.0,,,0.0,0.0,,0.0,0.0,0.0,1.0,0.0,0.0,0.0,1.0,0.0,0.0,
2013,464.0,Justin Dentmon,27.0,DAL,PG,2.0,0.0,4.0,0.0,2.0,0.0,0.0,0.0,,0.0,2.0,0.0,0.0,0.0,0.0,,0.0,0.0,0.0,0.0,0.0,0.0,0.0,0.0,0.0,0.0,
2013,465.0,Andrew Goudelock,24.0,LAL,SG,1.0,0.0,6.0,0.0,2.0,0.0,0.0,0.0,,0.0,2.0,0.0,0.0,0.0,0.0,,1.0,0.0,1.0,0.0,0.0,0.0,0.0,0.0,0.0,0.0,
2013,466.0,Damion James,25.0,BRK,SF,2.0,0.0,0.0,0.0,0.0,,0.0,0.0,,0.0,0.0,,,0.0,0.0,,0.0,1.0,1.0,0.0,0.0,0.0,0.0,0.0,0.0,0.0,
2013,467.0,Darius Johnson-Odom,23.0,LAL,SG,4.0,0.0,6.0,0.0,4.0,0.0,0.0,1.0,0.0,0.0,3.0,0.0,0.0,0.0,0.0,,1.0,3.0,4.0,1.0,0.0,0.0,0.0,0.0,0.0,0.0,
2013,468.0,Solomon Jones,28.0,NYK,PF,2.0,1.0,26.0,0.0,1.0,0.0,0.0,0.0,,0.0,1.0,0.0,0.0,0.0,0.0,,1.0,2.0,3.0,0.0,0.0,1.0,3.0,3.0,0.0,0.0,
2013,469.0,Darko Miličić,27.0,BOS,C,1.0,0.0,5.0,0.0,1.0,0.0,0.0,0.0,,0.0,1.0,0.0,0.0,0.0,0.0,,0.0,1.0,1.0,0.0,0.0,0.0,2.0,1.0,0.0,0.0,
